id,player_id,match_id,minutes_played,role
1,1,1,96,Goalie
2,2,1,96,Outfielder
3,3,1,96,Outfielder
4,4,1,96,Outfielder
5,5,1,96,Outfielder
6,6,1,96,Outfielder
7,7,1,90,Outfielder
8,8,1,90,Outfielder
9,9,1,90,Outfielder
10,10,1,90,Outfielder
11,11,1,90,Outfielder
12,12,1,,Bench
13,13,1,6,Substitute
14,14,1,6,Substitute
15,15,1,6,Substitute
16,16,1,6,Substitute
17,17,1,6,Substitute
18,18,1,,Bench
19,19,1,,Bench
20,20,1,,Bench
21,21,1,,Bench
22,22,1,,Bench
23,23,1,,Bench
24,24,1,,Bench
25,25,1,,Bench
26,26,1,96,Goalie
27,27,1,96,Outfielder
28,28,1,96,Outfielder
29,29,1,96,Outfielder
30,30,1,96,Outfielder
31,31,1,96,Outfielder
32,32,1,90,Outfielder
33,33,1,90,Outfielder
34,34,1,90,Outfielder
35,35,1,90,Outfielder
36,36,1,90,Outfielder
37,37,1,,Bench
38,38,1,6,Substitute
39,39,1,6,Substitute
40,40,1,6,Substitute
41,41,1,6,Substitute
42,42,1,6,Substitute
43,43,1,,Bench
44,44,1,,Bench
45,45,1,,Bench
46,46,1,,Bench
47,47,1,,Bench
48,48,1,,Bench
49,49,1,,Bench
50,50,1,,Bench
51,101,2,96,Goalie
52,102,2,96,Outfielder
53,103,2,96,Outfielder
54,104,2,96,Outfielder
55,105,2,96,Outfielder
56,106,2,96,Outfielder
57,107,2,90,Outfielder
58,108,2,90,Outfielder
59,109,2,90,Outfielder
60,110,2,90,Outfielder
61,111,2,90,Outfielder
62,112,2,,Bench
63,113,2,6,Substitute
64,114,2,6,Substitute
65,115,2,6,Substitute
66,116,2,6,Substitute
67,117,2,6,Substitute
68,118,2,,Bench
69,119,2,,Bench
70,120,2,,Bench
71,121,2,,Bench
72,122,2,,Bench
73,123,2,,Bench
74,124,2,,Bench
75,125,2,,Bench
76,126,2,96,Goalie
77,127,2,96,Outfielder
78,128,2,96,Outfielder
79,129,2,96,Outfielder
80,130,2,96,Outfielder
81,131,2,96,Outfielder
82,132,2,90,Outfielder
83,133,2,90,Outfielder
84,134,2,90,Outfielder
85,135,2,90,Outfielder
86,136,2,90,Outfielder
87,137,2,,Bench
88,138,2,6,Substitute
89,139,2,6,Substitute
90,140,2,6,Substitute
91,141,2,6,Substitute
92,142,2,6,Substitute
93,143,2,,Bench
94,144,2,,Bench
95,145,2,,Bench
96,146,2,,Bench
97,147,2,,Bench
98,148,2,,Bench
99,149,2,,Bench
100,150,2,,Bench
101,151,3,96,Goalie
102,152,3,96,Outfielder
103,153,3,96,Outfielder
104,154,3,96,Outfielder
105,155,3,96,Outfielder
106,156,3,96,Outfielder
107,157,3,90,Outfielder
108,158,3,90,Outfielder
109,159,3,90,Outfielder
110,160,3,90,Outfielder
111,161,3,90,Outfielder
112,162,3,,Bench
113,163,3,6,Substitute
114,164,3,6,Substitute
115,165,3,6,Substitute
116,166,3,6,Substitute
117,167,3,6,Substitute
118,168,3,,Bench
119,169,3,,Bench
120,170,3,,Bench
121,171,3,,Bench
122,172,3,,Bench
123,173,3,,Bench
124,174,3,,Bench
125,175,3,,Bench
126,176,3,96,Goalie
127,177,3,96,Outfielder
128,178,3,96,Outfielder
129,179,3,96,Outfielder
130,180,3,96,Outfielder
131,181,3,96,Outfielder
132,182,3,90,Outfielder
133,183,3,90,Outfielder
134,184,3,90,Outfielder
135,185,3,90,Outfielder
136,186,3,90,Outfielder
137,187,3,,Bench
138,188,3,6,Substitute
139,189,3,6,Substitute
140,190,3,6,Substitute
141,191,3,6,Substitute
142,192,3,6,Substitute
143,193,3,,Bench
144,194,3,,Bench
145,195,3,,Bench
146,196,3,,Bench
147,197,3,,Bench
148,198,3,,Bench
149,199,3,,Bench
150,200,3,,Bench
151,51,4,96,Goalie
152,52,4,96,Outfielder
153,53,4,96,Outfielder
154,54,4,96,Outfielder
155,55,4,96,Outfielder
156,56,4,96,Outfielder
157,57,4,90,Outfielder
158,58,4,90,Outfielder
159,59,4,90,Outfielder
160,60,4,90,Outfielder
161,61,4,90,Outfielder
162,62,4,,Bench
163,63,4,6,Substitute
164,64,4,6,Substitute
165,65,4,6,Substitute
166,66,4,6,Substitute
167,67,4,6,Substitute
168,68,4,,Bench
169,69,4,,Bench
170,70,4,,Bench
171,71,4,,Bench
172,72,4,,Bench
173,73,4,,Bench
174,74,4,,Bench
175,75,4,,Bench
176,76,4,96,Goalie
177,77,4,96,Outfielder
178,78,4,96,Outfielder
179,79,4,96,Outfielder
180,80,4,96,Outfielder
181,81,4,96,Outfielder
182,82,4,90,Outfielder
183,83,4,90,Outfielder
184,84,4,90,Outfielder
185,85,4,90,Outfielder
186,86,4,90,Outfielder
187,87,4,,Bench
188,88,4,6,Substitute
189,89,4,6,Substitute
190,90,4,6,Substitute
191,91,4,6,Substitute
192,92,4,6,Substitute
193,93,4,,Bench
194,94,4,,Bench
195,95,4,,Bench
196,96,4,,Bench
197,97,4,,Bench
198,98,4,,Bench
199,99,4,,Bench
200,100,4,,Bench
201,201,5,96,Goalie
202,202,5,96,Outfielder
203,203,5,96,Outfielder
204,204,5,96,Outfielder
205,205,5,96,Outfielder
206,206,5,96,Outfielder
207,207,5,90,Outfielder
208,208,5,90,Outfielder
209,209,5,90,Outfielder
210,210,5,90,Outfielder
211,211,5,90,Outfielder
212,212,5,,Bench
213,213,5,6,Substitute
214,214,5,6,Substitute
215,215,5,6,Substitute
216,216,5,6,Substitute
217,217,5,6,Substitute
218,218,5,,Bench
219,219,5,,Bench
220,220,5,,Bench
221,221,5,,Bench
222,222,5,,Bench
223,223,5,,Bench
224,224,5,,Bench
225,225,5,,Bench
226,226,5,96,Goalie
227,227,5,96,Outfielder
228,228,5,96,Outfielder
229,229,5,96,Outfielder
230,230,5,96,Outfielder
231,231,5,96,Outfielder
232,232,5,90,Outfielder
233,233,5,90,Outfielder
234,234,5,90,Outfielder
235,235,5,90,Outfielder
236,236,5,90,Outfielder
237,237,5,,Bench
238,238,5,6,Substitute
239,239,5,6,Substitute
240,240,5,6,Substitute
241,241,5,6,Substitute
242,242,5,6,Substitute
243,243,5,,Bench
244,244,5,,Bench
245,245,5,,Bench
246,246,5,,Bench
247,247,5,,Bench
248,248,5,,Bench
249,249,5,,Bench
250,250,5,,Bench
251,401,6,96,Goalie
252,402,6,96,Outfielder
253,403,6,96,Outfielder
254,404,6,96,Outfielder
255,405,6,96,Outfielder
256,406,6,96,Outfielder
257,407,6,90,Outfielder
258,408,6,90,Outfielder
259,409,6,90,Outfielder
260,410,6,90,Outfielder
261,411,6,90,Outfielder
262,412,6,,Bench
263,413,6,6,Substitute
264,414,6,6,Substitute
265,415,6,6,Substitute
266,416,6,6,Substitute
267,417,6,6,Substitute
268,418,6,,Bench
269,419,6,,Bench
270,420,6,,Bench
271,421,6,,Bench
272,422,6,,Bench
273,423,6,,Bench
274,424,6,,Bench
275,425,6,,Bench
276,426,6,96,Goalie
277,427,6,96,Outfielder
278,428,6,96,Outfielder
279,429,6,96,Outfielder
280,430,6,96,Outfielder
281,431,6,96,Outfielder
282,432,6,90,Outfielder
283,433,6,90,Outfielder
284,434,6,90,Outfielder
285,435,6,90,Outfielder
286,436,6,90,Outfielder
287,437,6,,Bench
288,438,6,6,Substitute
289,439,6,6,Substitute
290,440,6,6,Substitute
291,441,6,6,Substitute
292,442,6,6,Substitute
293,443,6,,Bench
294,444,6,,Bench
295,445,6,,Bench
296,446,6,,Bench
297,447,6,,Bench
298,448,6,,Bench
299,449,6,,Bench
300,450,6,,Bench
301,251,7,96,Goalie
302,252,7,96,Outfielder
303,253,7,96,Outfielder
304,254,7,96,Outfielder
305,255,7,96,Outfielder
306,256,7,96,Outfielder
307,257,7,90,Outfielder
308,258,7,90,Outfielder
309,259,7,90,Outfielder
310,260,7,90,Outfielder
311,261,7,90,Outfielder
312,262,7,,Bench
313,263,7,6,Substitute
314,264,7,6,Substitute
315,265,7,6,Substitute
316,266,7,6,Substitute
317,267,7,6,Substitute
318,268,7,,Bench
319,269,7,,Bench
320,270,7,,Bench
321,271,7,,Bench
322,272,7,,Bench
323,273,7,,Bench
324,274,7,,Bench
325,275,7,,Bench
326,276,7,96,Goalie
327,277,7,96,Outfielder
328,278,7,96,Outfielder
329,279,7,96,Outfielder
330,280,7,96,Outfielder
331,281,7,96,Outfielder
332,282,7,90,Outfielder
333,283,7,90,Outfielder
334,284,7,90,Outfielder
335,285,7,90,Outfielder
336,286,7,90,Outfielder
337,287,7,,Bench
338,288,7,6,Substitute
339,289,7,6,Substitute
340,290,7,6,Substitute
341,291,7,6,Substitute
342,292,7,6,Substitute
343,293,7,,Bench
344,294,7,,Bench
345,295,7,,Bench
346,296,7,,Bench
347,297,7,,Bench
348,298,7,,Bench
349,299,7,,Bench
350,300,7,,Bench
351,301,8,96,Goalie
352,302,8,96,Outfielder
353,303,8,96,Outfielder
354,304,8,96,Outfielder
355,305,8,96,Outfielder
356,306,8,96,Outfielder
357,307,8,90,Outfielder
358,308,8,90,Outfielder
359,309,8,90,Outfielder
360,310,8,90,Outfielder
361,311,8,90,Outfielder
362,312,8,,Bench
363,313,8,6,Substitute
364,314,8,6,Substitute
365,315,8,6,Substitute
366,316,8,6,Substitute
367,317,8,6,Substitute
368,318,8,,Bench
369,319,8,,Bench
370,320,8,,Bench
371,321,8,,Bench
372,322,8,,Bench
373,323,8,,Bench
374,324,8,,Bench
375,325,8,,Bench
376,326,8,96,Goalie
377,327,8,96,Outfielder
378,328,8,96,Outfielder
379,329,8,96,Outfielder
380,330,8,96,Outfielder
381,331,8,96,Outfielder
382,332,8,90,Outfielder
383,333,8,90,Outfielder
384,334,8,90,Outfielder
385,335,8,90,Outfielder
386,336,8,90,Outfielder
387,337,8,,Bench
388,338,8,6,Substitute
389,339,8,6,Substitute
390,340,8,6,Substitute
391,341,8,6,Substitute
392,342,8,6,Substitute
393,343,8,,Bench
394,344,8,,Bench
395,345,8,,Bench
396,346,8,,Bench
397,347,8,,Bench
398,348,8,,Bench
399,349,8,,Bench
400,350,8,,Bench
401,351,9,96,Goalie
402,352,9,96,Outfielder
403,353,9,96,Outfielder
404,354,9,96,Outfielder
405,355,9,96,Outfielder
406,356,9,96,Outfielder
407,357,9,90,Outfielder
408,358,9,90,Outfielder
409,359,9,90,Outfielder
410,360,9,90,Outfielder
411,361,9,90,Outfielder
412,362,9,,Bench
413,363,9,6,Substitute
414,364,9,6,Substitute
415,365,9,6,Substitute
416,366,9,6,Substitute
417,367,9,6,Substitute
418,368,9,,Bench
419,369,9,,Bench
420,370,9,,Bench
421,371,9,,Bench
422,372,9,,Bench
423,373,9,,Bench
424,374,9,,Bench
425,375,9,,Bench
426,376,9,96,Goalie
427,377,9,96,Outfielder
428,378,9,96,Outfielder
429,379,9,96,Outfielder
430,380,9,96,Outfielder
431,381,9,96,Outfielder
432,382,9,90,Outfielder
433,383,9,90,Outfielder
434,384,9,90,Outfielder
435,385,9,90,Outfielder
436,386,9,90,Outfielder
437,387,9,,Bench
438,388,9,6,Substitute
439,389,9,6,Substitute
440,390,9,6,Substitute
441,391,9,6,Substitute
442,392,9,6,Substitute
443,393,9,,Bench
444,394,9,,Bench
445,395,9,,Bench
446,396,9,,Bench
447,397,9,,Bench
448,398,9,,Bench
449,399,9,,Bench
450,400,9,,Bench
451,276,10,96,Goalie
452,277,10,96,Outfielder
453,278,10,96,Outfielder
454,279,10,96,Outfielder
455,280,10,96,Outfielder
456,281,10,96,Outfielder
457,282,10,90,Outfielder
458,283,10,90,Outfielder
459,284,10,90,Outfielder
460,285,10,90,Outfielder
461,286,10,90,Outfielder
462,287,10,,Bench
463,288,10,6,Substitute
464,289,10,6,Substitute
465,290,10,6,Substitute
466,291,10,6,Substitute
467,292,10,6,Substitute
468,293,10,,Bench
469,294,10,,Bench
470,295,10,,Bench
471,296,10,,Bench
472,297,10,,Bench
473,298,10,,Bench
474,299,10,,Bench
475,300,10,,Bench
476,376,10,96,Goalie
477,377,10,96,Outfielder
478,378,10,96,Outfielder
479,379,10,96,Outfielder
480,380,10,96,Outfielder
481,381,10,96,Outfielder
482,382,10,90,Outfielder
483,383,10,90,Outfielder
484,384,10,90,Outfielder
485,385,10,90,Outfielder
486,386,10,90,Outfielder
487,387,10,,Bench
488,388,10,6,Substitute
489,389,10,6,Substitute
490,390,10,6,Substitute
491,391,10,6,Substitute
492,392,10,6,Substitute
493,393,10,,Bench
494,394,10,,Bench
495,395,10,,Bench
496,396,10,,Bench
497,397,10,,Bench
498,398,10,,Bench
499,399,10,,Bench
500,400,10,,Bench
501,451,11,96,Goalie
502,377,11,96,Outfielder
503,378,11,96,Outfielder
504,379,11,96,Outfielder
505,380,11,96,Outfielder
506,381,11,96,Outfielder
507,382,11,90,Outfielder
508,383,11,90,Outfielder
509,384,11,90,Outfielder
510,385,11,90,Outfielder
511,386,11,90,Outfielder
512,387,11,,Bench
513,388,11,6,Substitute
514,389,11,6,Substitute
515,390,11,6,Substitute
516,391,11,6,Substitute
517,392,11,6,Substitute
518,393,11,,Bench
519,394,11,,Bench
520,395,11,,Bench
521,396,11,,Bench
522,397,11,,Bench
523,398,11,,Bench
524,399,11,,Bench
525,400,11,,Bench
526,476,11,96,Goalie
527,477,11,96,Outfielder
528,478,11,96,Outfielder
529,479,11,96,Outfielder
530,480,11,96,Outfielder
531,481,11,96,Outfielder
532,482,11,90,Outfielder
533,483,11,90,Outfielder
534,484,11,90,Outfielder
535,485,11,90,Outfielder
536,486,11,90,Outfielder
537,487,11,,Bench
538,488,11,6,Substitute
539,489,11,6,Substitute
540,490,11,6,Substitute
541,491,11,6,Substitute
542,492,11,6,Substitute
543,493,11,,Bench
544,494,11,,Bench
545,495,11,,Bench
546,496,11,,Bench
547,497,11,,Bench
548,498,11,,Bench
549,499,11,,Bench
550,500,11,,Bench
551,501,12,96,Goalie
552,502,12,96,Outfielder
553,503,12,96,Outfielder
554,504,12,96,Outfielder
555,505,12,96,Outfielder
556,506,12,96,Outfielder
557,507,12,90,Outfielder
558,508,12,90,Outfielder
559,509,12,90,Outfielder
560,510,12,90,Outfielder
561,511,12,90,Outfielder
562,512,12,,Bench
563,513,12,6,Substitute
564,514,12,6,Substitute
565,515,12,6,Substitute
566,516,12,6,Substitute
567,517,12,6,Substitute
568,518,12,,Bench
569,519,12,,Bench
570,520,12,,Bench
571,521,12,,Bench
572,522,12,,Bench
573,523,12,,Bench
574,524,12,,Bench
575,525,12,,Bench
576,526,12,96,Goalie
577,527,12,96,Outfielder
578,528,12,96,Outfielder
579,529,12,96,Outfielder
580,530,12,96,Outfielder
581,531,12,96,Outfielder
582,532,12,90,Outfielder
583,533,12,90,Outfielder
584,534,12,90,Outfielder
585,535,12,90,Outfielder
586,536,12,90,Outfielder
587,537,12,,Bench
588,538,12,6,Substitute
589,539,12,6,Substitute
590,540,12,6,Substitute
591,541,12,6,Substitute
592,542,12,6,Substitute
593,543,12,,Bench
594,544,12,,Bench
595,545,12,,Bench
596,546,12,,Bench
597,547,12,,Bench
598,548,12,,Bench
599,549,12,,Bench
600,550,12,,Bench
601,651,13,96,Goalie
602,652,13,96,Outfielder
603,653,13,96,Outfielder
604,654,13,96,Outfielder
605,655,13,96,Outfielder
606,656,13,96,Outfielder
607,657,13,90,Outfielder
608,658,13,90,Outfielder
609,659,13,90,Outfielder
610,660,13,90,Outfielder
611,661,13,90,Outfielder
612,662,13,,Bench
613,663,13,6,Substitute
614,664,13,6,Substitute
615,665,13,6,Substitute
616,666,13,6,Substitute
617,667,13,6,Substitute
618,668,13,,Bench
619,669,13,,Bench
620,670,13,,Bench
621,671,13,,Bench
622,672,13,,Bench
623,673,13,,Bench
624,674,13,,Bench
625,675,13,,Bench
626,676,13,96,Goalie
627,677,13,96,Outfielder
628,678,13,96,Outfielder
629,679,13,96,Outfielder
630,680,13,96,Outfielder
631,681,13,96,Outfielder
632,682,13,90,Outfielder
633,683,13,90,Outfielder
634,684,13,90,Outfielder
635,685,13,90,Outfielder
636,686,13,90,Outfielder
637,687,13,,Bench
638,688,13,6,Substitute
639,689,13,6,Substitute
640,690,13,6,Substitute
641,691,13,6,Substitute
642,692,13,6,Substitute
643,693,13,,Bench
644,694,13,,Bench
645,695,13,,Bench
646,696,13,,Bench
647,697,13,,Bench
648,698,13,,Bench
649,699,13,,Bench
650,700,13,,Bench
651,701,14,96,Goalie
652,702,14,96,Outfielder
653,703,14,96,Outfielder
654,704,14,96,Outfielder
655,705,14,96,Outfielder
656,706,14,96,Outfielder
657,707,14,90,Outfielder
658,708,14,90,Outfielder
659,709,14,90,Outfielder
660,710,14,90,Outfielder
661,711,14,90,Outfielder
662,712,14,,Bench
663,713,14,6,Substitute
664,714,14,6,Substitute
665,715,14,6,Substitute
666,716,14,6,Substitute
667,717,14,6,Substitute
668,718,14,,Bench
669,719,14,,Bench
670,720,14,,Bench
671,721,14,,Bench
672,722,14,,Bench
673,723,14,,Bench
674,724,14,,Bench
675,725,14,,Bench
676,726,14,96,Goalie
677,727,14,96,Outfielder
678,728,14,96,Outfielder
679,729,14,96,Outfielder
680,730,14,96,Outfielder
681,731,14,96,Outfielder
682,732,14,90,Outfielder
683,733,14,90,Outfielder
684,734,14,90,Outfielder
685,735,14,90,Outfielder
686,736,14,90,Outfielder
687,737,14,,Bench
688,738,14,6,Substitute
689,739,14,6,Substitute
690,740,14,6,Substitute
691,741,14,6,Substitute
692,742,14,6,Substitute
693,743,14,,Bench
694,744,14,,Bench
695,745,14,,Bench
696,746,14,,Bench
697,747,14,,Bench
698,748,14,,Bench
699,749,14,,Bench
700,750,14,,Bench
701,551,15,96,Goalie
702,552,15,96,Outfielder
703,553,15,96,Outfielder
704,554,15,96,Outfielder
705,555,15,96,Outfielder
706,556,15,96,Outfielder
707,557,15,90,Outfielder
708,558,15,90,Outfielder
709,559,15,90,Outfielder
710,560,15,90,Outfielder
711,561,15,90,Outfielder
712,562,15,,Bench
713,563,15,6,Substitute
714,564,15,6,Substitute
715,565,15,6,Substitute
716,566,15,6,Substitute
717,567,15,6,Substitute
718,568,15,,Bench
719,569,15,,Bench
720,570,15,,Bench
721,571,15,,Bench
722,572,15,,Bench
723,573,15,,Bench
724,574,15,,Bench
725,575,15,,Bench
726,576,15,96,Goalie
727,577,15,96,Outfielder
728,578,15,96,Outfielder
729,579,15,96,Outfielder
730,580,15,96,Outfielder
731,581,15,96,Outfielder
732,582,15,90,Outfielder
733,583,15,90,Outfielder
734,584,15,90,Outfielder
735,585,15,90,Outfielder
736,586,15,90,Outfielder
737,587,15,,Bench
738,588,15,6,Substitute
739,589,15,6,Substitute
740,590,15,6,Substitute
741,591,15,6,Substitute
742,592,15,6,Substitute
743,593,15,,Bench
744,594,15,,Bench
745,595,15,,Bench
746,596,15,,Bench
747,597,15,,Bench
748,598,15,,Bench
749,599,15,,Bench
750,600,15,,Bench
751,751,16,96,Goalie
752,752,16,96,Outfielder
753,753,16,96,Outfielder
754,754,16,96,Outfielder
755,755,16,96,Outfielder
756,756,16,96,Outfielder
757,757,16,90,Outfielder
758,758,16,90,Outfielder
759,759,16,90,Outfielder
760,760,16,90,Outfielder
761,761,16,90,Outfielder
762,762,16,,Bench
763,763,16,6,Substitute
764,764,16,6,Substitute
765,765,16,6,Substitute
766,766,16,6,Substitute
767,767,16,6,Substitute
768,768,16,,Bench
769,769,16,,Bench
770,770,16,,Bench
771,771,16,,Bench
772,772,16,,Bench
773,773,16,,Bench
774,774,16,,Bench
775,775,16,,Bench
776,776,16,96,Goalie
777,777,16,96,Outfielder
778,778,16,96,Outfielder
779,779,16,96,Outfielder
780,780,16,96,Outfielder
781,781,16,96,Outfielder
782,782,16,90,Outfielder
783,783,16,90,Outfielder
784,784,16,90,Outfielder
785,785,16,90,Outfielder
786,786,16,90,Outfielder
787,787,16,,Bench
788,788,16,6,Substitute
789,789,16,6,Substitute
790,790,16,6,Substitute
791,791,16,6,Substitute
792,792,16,6,Substitute
793,793,16,,Bench
794,794,16,,Bench
795,795,16,,Bench
796,796,16,,Bench
797,797,16,,Bench
798,798,16,,Bench
799,799,16,,Bench
800,800,16,,Bench
801,1,17,96,Goalie
802,2,17,96,Outfielder
803,3,17,96,Outfielder
804,4,17,96,Outfielder
805,5,17,96,Outfielder
806,6,17,96,Outfielder
807,7,17,90,Outfielder
808,8,17,90,Outfielder
809,9,17,90,Outfielder
810,10,17,90,Outfielder
811,11,17,90,Outfielder
812,12,17,,Bench
813,13,17,6,Substitute
814,14,17,6,Substitute
815,15,17,6,Substitute
816,16,17,6,Substitute
817,17,17,6,Substitute
818,18,17,,Bench
819,19,17,,Bench
820,20,17,,Bench
821,21,17,,Bench
822,22,17,,Bench
823,23,17,,Bench
824,24,17,,Bench
825,25,17,,Bench
826,51,17,96,Goalie
827,52,17,96,Outfielder
828,53,17,96,Outfielder
829,54,17,96,Outfielder
830,55,17,96,Outfielder
831,56,17,96,Outfielder
832,57,17,90,Outfielder
833,58,17,90,Outfielder
834,59,17,90,Outfielder
835,60,17,90,Outfielder
836,61,17,90,Outfielder
837,62,17,,Bench
838,63,17,6,Substitute
839,64,17,6,Substitute
840,65,17,6,Substitute
841,66,17,6,Substitute
842,67,17,6,Substitute
843,68,17,,Bench
844,69,17,,Bench
845,70,17,,Bench
846,71,17,,Bench
847,72,17,,Bench
848,73,17,,Bench
849,74,17,,Bench
850,75,17,,Bench
851,76,18,96,Goalie
852,77,18,96,Outfielder
853,78,18,96,Outfielder
854,79,18,96,Outfielder
855,80,18,96,Outfielder
856,81,18,96,Outfielder
857,82,18,90,Outfielder
858,83,18,90,Outfielder
859,84,18,90,Outfielder
860,85,18,90,Outfielder
861,86,18,90,Outfielder
862,87,18,,Bench
863,88,18,6,Substitute
864,89,18,6,Substitute
865,90,18,6,Substitute
866,91,18,6,Substitute
867,92,18,6,Substitute
868,93,18,,Bench
869,94,18,,Bench
870,95,18,,Bench
871,96,18,,Bench
872,97,18,,Bench
873,98,18,,Bench
874,99,18,,Bench
875,100,18,,Bench
876,26,18,96,Goalie
877,27,18,96,Outfielder
878,28,18,96,Outfielder
879,29,18,96,Outfielder
880,30,18,96,Outfielder
881,31,18,96,Outfielder
882,32,18,90,Outfielder
883,33,18,90,Outfielder
884,34,18,90,Outfielder
885,35,18,90,Outfielder
886,36,18,90,Outfielder
887,37,18,,Bench
888,38,18,6,Substitute
889,39,18,6,Substitute
890,40,18,6,Substitute
891,41,18,6,Substitute
892,42,18,6,Substitute
893,43,18,,Bench
894,44,18,,Bench
895,45,18,,Bench
896,46,18,,Bench
897,47,18,,Bench
898,48,18,,Bench
899,49,18,,Bench
900,50,18,,Bench
901,276,19,96,Goalie
902,277,19,96,Outfielder
903,278,19,96,Outfielder
904,279,19,96,Outfielder
905,280,19,96,Outfielder
906,281,19,96,Outfielder
907,282,19,90,Outfielder
908,283,19,90,Outfielder
909,284,19,90,Outfielder
910,285,19,90,Outfielder
911,286,19,90,Outfielder
912,287,19,,Bench
913,288,19,6,Substitute
914,289,19,6,Substitute
915,290,19,6,Substitute
916,291,19,6,Substitute
917,292,19,6,Substitute
918,293,19,,Bench
919,294,19,,Bench
920,295,19,,Bench
921,296,19,,Bench
922,297,19,,Bench
923,298,19,,Bench
924,299,19,,Bench
925,300,19,,Bench
926,226,19,96,Goalie
927,227,19,96,Outfielder
928,228,19,96,Outfielder
929,229,19,96,Outfielder
930,230,19,96,Outfielder
931,231,19,96,Outfielder
932,232,19,90,Outfielder
933,233,19,90,Outfielder
934,234,19,90,Outfielder
935,235,19,90,Outfielder
936,236,19,90,Outfielder
937,237,19,,Bench
938,238,19,6,Substitute
939,239,19,6,Substitute
940,240,19,6,Substitute
941,241,19,6,Substitute
942,242,19,6,Substitute
943,243,19,,Bench
944,244,19,,Bench
945,245,19,,Bench
946,246,19,,Bench
947,247,19,,Bench
948,248,19,,Bench
949,249,19,,Bench
950,250,19,,Bench
951,201,20,96,Goalie
952,202,20,96,Outfielder
953,203,20,96,Outfielder
954,204,20,96,Outfielder
955,205,20,96,Outfielder
956,206,20,96,Outfielder
957,207,20,90,Outfielder
958,208,20,90,Outfielder
959,209,20,90,Outfielder
960,210,20,90,Outfielder
961,211,20,90,Outfielder
962,212,20,,Bench
963,213,20,6,Substitute
964,214,20,6,Substitute
965,215,20,6,Substitute
966,216,20,6,Substitute
967,217,20,6,Substitute
968,218,20,,Bench
969,219,20,,Bench
970,220,20,,Bench
971,221,20,,Bench
972,222,20,,Bench
973,223,20,,Bench
974,224,20,,Bench
975,225,20,,Bench
976,251,20,96,Goalie
977,252,20,96,Outfielder
978,253,20,96,Outfielder
979,254,20,96,Outfielder
980,255,20,96,Outfielder
981,256,20,96,Outfielder
982,257,20,90,Outfielder
983,258,20,90,Outfielder
984,259,20,90,Outfielder
985,260,20,90,Outfielder
986,261,20,90,Outfielder
987,262,20,,Bench
988,263,20,6,Substitute
989,264,20,6,Substitute
990,265,20,6,Substitute
991,266,20,6,Substitute
992,267,20,6,Substitute
993,268,20,,Bench
994,269,20,,Bench
995,270,20,,Bench
996,271,20,,Bench
997,272,20,,Bench
998,273,20,,Bench
999,274,20,,Bench
1000,275,20,,Bench
1001,176,21,96,Goalie
1002,177,21,96,Outfielder
1003,178,21,96,Outfielder
1004,179,21,96,Outfielder
1005,180,21,96,Outfielder
1006,181,21,96,Outfielder
1007,182,21,90,Outfielder
1008,183,21,90,Outfielder
1009,184,21,90,Outfielder
1010,185,21,90,Outfielder
1011,186,21,90,Outfielder
1012,187,21,,Bench
1013,188,21,6,Substitute
1014,189,21,6,Substitute
1015,190,21,6,Substitute
1016,191,21,6,Substitute
1017,192,21,6,Substitute
1018,193,21,,Bench
1019,194,21,,Bench
1020,195,21,,Bench
1021,196,21,,Bench
1022,197,21,,Bench
1023,198,21,,Bench
1024,199,21,,Bench
1025,200,21,,Bench
1026,126,21,96,Goalie
1027,127,21,96,Outfielder
1028,128,21,96,Outfielder
1029,129,21,96,Outfielder
1030,130,21,96,Outfielder
1031,131,21,96,Outfielder
1032,132,21,90,Outfielder
1033,133,21,90,Outfielder
1034,134,21,90,Outfielder
1035,135,21,90,Outfielder
1036,136,21,90,Outfielder
1037,137,21,,Bench
1038,138,21,6,Substitute
1039,139,21,6,Substitute
1040,140,21,6,Substitute
1041,141,21,6,Substitute
1042,142,21,6,Substitute
1043,143,21,,Bench
1044,144,21,,Bench
1045,145,21,,Bench
1046,146,21,,Bench
1047,147,21,,Bench
1048,148,21,,Bench
1049,149,21,,Bench
1050,150,21,,Bench
1051,401,22,96,Goalie
1052,402,22,96,Outfielder
1053,403,22,96,Outfielder
1054,404,22,96,Outfielder
1055,405,22,96,Outfielder
1056,406,22,96,Outfielder
1057,407,22,90,Outfielder
1058,408,22,90,Outfielder
1059,409,22,90,Outfielder
1060,410,22,90,Outfielder
1061,411,22,90,Outfielder
1062,412,22,,Bench
1063,413,22,6,Substitute
1064,414,22,6,Substitute
1065,415,22,6,Substitute
1066,416,22,6,Substitute
1067,417,22,6,Substitute
1068,418,22,,Bench
1069,419,22,,Bench
1070,420,22,,Bench
1071,421,22,,Bench
1072,422,22,,Bench
1073,423,22,,Bench
1074,424,22,,Bench
1075,425,22,,Bench
1076,451,22,96,Goalie
1077,452,22,96,Outfielder
1078,453,22,96,Outfielder
1079,454,22,96,Outfielder
1080,455,22,96,Outfielder
1081,456,22,96,Outfielder
1082,457,22,90,Outfielder
1083,458,22,90,Outfielder
1084,459,22,90,Outfielder
1085,460,22,90,Outfielder
1086,461,22,90,Outfielder
1087,462,22,,Bench
1088,463,22,6,Substitute
1089,464,22,6,Substitute
1090,465,22,6,Substitute
1091,466,22,6,Substitute
1092,467,22,6,Substitute
1093,468,22,,Bench
1094,469,22,,Bench
1095,470,22,,Bench
1096,471,22,,Bench
1097,472,22,,Bench
1098,473,22,,Bench
1099,474,22,,Bench
1100,475,22,,Bench
1101,476,23,96,Goalie
1102,477,23,96,Outfielder
1103,478,23,96,Outfielder
1104,479,23,96,Outfielder
1105,480,23,96,Outfielder
1106,481,23,96,Outfielder
1107,482,23,90,Outfielder
1108,483,23,90,Outfielder
1109,484,23,90,Outfielder
1110,485,23,90,Outfielder
1111,486,23,90,Outfielder
1112,487,23,,Bench
1113,488,23,6,Substitute
1114,489,23,6,Substitute
1115,490,23,6,Substitute
1116,491,23,6,Substitute
1117,492,23,6,Substitute
1118,493,23,,Bench
1119,494,23,,Bench
1120,495,23,,Bench
1121,496,23,,Bench
1122,497,23,,Bench
1123,498,23,,Bench
1124,499,23,,Bench
1125,500,23,,Bench
1126,426,23,96,Goalie
1127,427,23,96,Outfielder
1128,428,23,96,Outfielder
1129,429,23,96,Outfielder
1130,430,23,96,Outfielder
1131,431,23,96,Outfielder
1132,432,23,90,Outfielder
1133,433,23,90,Outfielder
1134,434,23,90,Outfielder
1135,435,23,90,Outfielder
1136,436,23,90,Outfielder
1137,437,23,,Bench
1138,438,23,6,Substitute
1139,439,23,6,Substitute
1140,440,23,6,Substitute
1141,441,23,6,Substitute
1142,442,23,6,Substitute
1143,443,23,,Bench
1144,444,23,,Bench
1145,445,23,,Bench
1146,446,23,,Bench
1147,447,23,,Bench
1148,448,23,,Bench
1149,449,23,,Bench
1150,450,23,,Bench
1151,101,24,96,Goalie
1152,102,24,96,Outfielder
1153,103,24,96,Outfielder
1154,104,24,96,Outfielder
1155,105,24,96,Outfielder
1156,106,24,96,Outfielder
1157,107,24,90,Outfielder
1158,108,24,90,Outfielder
1159,109,24,90,Outfielder
1160,110,24,90,Outfielder
1161,111,24,90,Outfielder
1162,112,24,,Bench
1163,113,24,6,Substitute
1164,114,24,6,Substitute
1165,115,24,6,Substitute
1166,116,24,6,Substitute
1167,117,24,6,Substitute
1168,118,24,,Bench
1169,119,24,,Bench
1170,120,24,,Bench
1171,121,24,,Bench
1172,122,24,,Bench
1173,123,24,,Bench
1174,124,24,,Bench
1175,125,24,,Bench
1176,151,24,96,Goalie
1177,152,24,96,Outfielder
1178,153,24,96,Outfielder
1179,154,24,96,Outfielder
1180,155,24,96,Outfielder
1181,156,24,96,Outfielder
1182,157,24,90,Outfielder
1183,158,24,90,Outfielder
1184,159,24,90,Outfielder
1185,160,24,90,Outfielder
1186,161,24,90,Outfielder
1187,162,24,,Bench
1188,163,24,6,Substitute
1189,164,24,6,Substitute
1190,165,24,6,Substitute
1191,166,24,6,Substitute
1192,167,24,6,Substitute
1193,168,24,,Bench
1194,169,24,,Bench
1195,170,24,,Bench
1196,171,24,,Bench
1197,172,24,,Bench
1198,173,24,,Bench
1199,174,24,,Bench
1200,175,24,,Bench
1201,676,25,96,Goalie
1202,677,25,96,Outfielder
1203,678,25,96,Outfielder
1204,679,25,96,Outfielder
1205,680,25,96,Outfielder
1206,681,25,96,Outfielder
1207,682,25,90,Outfielder
1208,683,25,90,Outfielder
1209,684,25,90,Outfielder
1210,685,25,90,Outfielder
1211,686,25,90,Outfielder
1212,687,25,,Bench
1213,688,25,6,Substitute
1214,689,25,6,Substitute
1215,690,25,6,Substitute
1216,691,25,6,Substitute
1217,692,25,6,Substitute
1218,693,25,,Bench
1219,694,25,,Bench
1220,695,25,,Bench
1221,696,25,,Bench
1222,697,25,,Bench
1223,698,25,,Bench
1224,699,25,,Bench
1225,700,25,,Bench
1226,626,25,96,Goalie
1227,627,25,96,Outfielder
1228,628,25,96,Outfielder
1229,629,25,96,Outfielder
1230,630,25,96,Outfielder
1231,631,25,96,Outfielder
1232,632,25,90,Outfielder
1233,633,25,90,Outfielder
1234,634,25,90,Outfielder
1235,635,25,90,Outfielder
1236,636,25,90,Outfielder
1237,637,25,,Bench
1238,638,25,6,Substitute
1239,639,25,6,Substitute
1240,640,25,6,Substitute
1241,641,25,6,Substitute
1242,642,25,6,Substitute
1243,643,25,,Bench
1244,644,25,,Bench
1245,645,25,,Bench
1246,646,25,,Bench
1247,647,25,,Bench
1248,648,25,,Bench
1249,649,25,,Bench
1250,650,25,,Bench
1251,301,26,96,Goalie
1252,302,26,96,Outfielder
1253,303,26,96,Outfielder
1254,304,26,96,Outfielder
1255,305,26,96,Outfielder
1256,306,26,96,Outfielder
1257,307,26,90,Outfielder
1258,308,26,90,Outfielder
1259,309,26,90,Outfielder
1260,310,26,90,Outfielder
1261,311,26,90,Outfielder
1262,312,26,,Bench
1263,313,26,6,Substitute
1264,314,26,6,Substitute
1265,315,26,6,Substitute
1266,316,26,6,Substitute
1267,317,26,6,Substitute
1268,318,26,,Bench
1269,319,26,,Bench
1270,320,26,,Bench
1271,321,26,,Bench
1272,322,26,,Bench
1273,323,26,,Bench
1274,324,26,,Bench
1275,325,26,,Bench
1276,351,26,96,Goalie
1277,352,26,96,Outfielder
1278,353,26,96,Outfielder
1279,354,26,96,Outfielder
1280,355,26,96,Outfielder
1281,356,26,96,Outfielder
1282,357,26,90,Outfielder
1283,358,26,90,Outfielder
1284,359,26,90,Outfielder
1285,360,26,90,Outfielder
1286,361,26,90,Outfielder
1287,362,26,,Bench
1288,363,26,6,Substitute
1289,364,26,6,Substitute
1290,365,26,6,Substitute
1291,366,26,6,Substitute
1292,367,26,6,Substitute
1293,368,26,,Bench
1294,369,26,,Bench
1295,370,26,,Bench
1296,371,26,,Bench
1297,372,26,,Bench
1298,373,26,,Bench
1299,374,26,,Bench
1300,375,26,,Bench
1301,376,27,96,Goalie
1302,377,27,96,Outfielder
1303,378,27,96,Outfielder
1304,379,27,96,Outfielder
1305,380,27,96,Outfielder
1306,381,27,96,Outfielder
1307,382,27,90,Outfielder
1308,383,27,90,Outfielder
1309,384,27,90,Outfielder
1310,385,27,90,Outfielder
1311,386,27,90,Outfielder
1312,387,27,,Bench
1313,388,27,6,Substitute
1314,389,27,6,Substitute
1315,390,27,6,Substitute
1316,391,27,6,Substitute
1317,392,27,6,Substitute
1318,393,27,,Bench
1319,394,27,,Bench
1320,395,27,,Bench
1321,396,27,,Bench
1322,397,27,,Bench
1323,398,27,,Bench
1324,399,27,,Bench
1325,400,27,,Bench
1326,326,27,96,Goalie
1327,327,27,96,Outfielder
1328,328,27,96,Outfielder
1329,329,27,96,Outfielder
1330,330,27,96,Outfielder
1331,331,27,96,Outfielder
1332,332,27,90,Outfielder
1333,333,27,90,Outfielder
1334,334,27,90,Outfielder
1335,335,27,90,Outfielder
1336,336,27,90,Outfielder
1337,337,27,,Bench
1338,338,27,6,Substitute
1339,339,27,6,Substitute
1340,340,27,6,Substitute
1341,341,27,6,Substitute
1342,342,27,6,Substitute
1343,343,27,,Bench
1344,344,27,,Bench
1345,345,27,,Bench
1346,346,27,,Bench
1347,347,27,,Bench
1348,348,27,,Bench
1349,349,27,,Bench
1350,350,27,,Bench
1351,601,28,96,Goalie
1352,602,28,96,Outfielder
1353,603,28,96,Outfielder
1354,604,28,96,Outfielder
1355,605,28,96,Outfielder
1356,606,28,96,Outfielder
1357,607,28,90,Outfielder
1358,608,28,90,Outfielder
1359,609,28,90,Outfielder
1360,610,28,90,Outfielder
1361,611,28,90,Outfielder
1362,612,28,,Bench
1363,613,28,6,Substitute
1364,614,28,6,Substitute
1365,615,28,6,Substitute
1366,616,28,6,Substitute
1367,617,28,6,Substitute
1368,618,28,,Bench
1369,619,28,,Bench
1370,620,28,,Bench
1371,621,28,,Bench
1372,622,28,,Bench
1373,623,28,,Bench
1374,624,28,,Bench
1375,625,28,,Bench
1376,651,28,96,Goalie
1377,652,28,96,Outfielder
1378,653,28,96,Outfielder
1379,654,28,96,Outfielder
1380,655,28,96,Outfielder
1381,656,28,96,Outfielder
1382,657,28,90,Outfielder
1383,658,28,90,Outfielder
1384,659,28,90,Outfielder
1385,660,28,90,Outfielder
1386,661,28,90,Outfielder
1387,662,28,,Bench
1388,663,28,6,Substitute
1389,664,28,6,Substitute
1390,665,28,6,Substitute
1391,666,28,6,Substitute
1392,667,28,6,Substitute
1393,668,28,,Bench
1394,669,28,,Bench
1395,670,28,,Bench
1396,671,28,,Bench
1397,672,28,,Bench
1398,673,28,,Bench
1399,674,28,,Bench
1400,675,28,,Bench
1401,576,29,96,Goalie
1402,577,29,96,Outfielder
1403,578,29,96,Outfielder
1404,579,29,96,Outfielder
1405,580,29,96,Outfielder
1406,581,29,96,Outfielder
1407,582,29,90,Outfielder
1408,583,29,90,Outfielder
1409,584,29,90,Outfielder
1410,585,29,90,Outfielder
1411,586,29,90,Outfielder
1412,587,29,,Bench
1413,588,29,6,Substitute
1414,589,29,6,Substitute
1415,590,29,6,Substitute
1416,591,29,6,Substitute
1417,592,29,6,Substitute
1418,593,29,,Bench
1419,594,29,,Bench
1420,595,29,,Bench
1421,596,29,,Bench
1422,597,29,,Bench
1423,598,29,,Bench
1424,599,29,,Bench
1425,600,29,,Bench
1426,526,29,96,Goalie
1427,527,29,96,Outfielder
1428,528,29,96,Outfielder
1429,529,29,96,Outfielder
1430,530,29,96,Outfielder
1431,531,29,96,Outfielder
1432,532,29,90,Outfielder
1433,533,29,90,Outfielder
1434,534,29,90,Outfielder
1435,535,29,90,Outfielder
1436,536,29,90,Outfielder
1437,537,29,,Bench
1438,538,29,6,Substitute
1439,539,29,6,Substitute
1440,540,29,6,Substitute
1441,541,29,6,Substitute
1442,542,29,6,Substitute
1443,543,29,,Bench
1444,544,29,,Bench
1445,545,29,,Bench
1446,546,29,,Bench
1447,547,29,,Bench
1448,548,29,,Bench
1449,549,29,,Bench
1450,550,29,,Bench
1451,501,30,96,Goalie
1452,502,30,96,Outfielder
1453,503,30,96,Outfielder
1454,504,30,96,Outfielder
1455,505,30,96,Outfielder
1456,506,30,96,Outfielder
1457,507,30,90,Outfielder
1458,508,30,90,Outfielder
1459,509,30,90,Outfielder
1460,510,30,90,Outfielder
1461,511,30,90,Outfielder
1462,512,30,,Bench
1463,513,30,6,Substitute
1464,514,30,6,Substitute
1465,515,30,6,Substitute
1466,516,30,6,Substitute
1467,517,30,6,Substitute
1468,518,30,,Bench
1469,519,30,,Bench
1470,520,30,,Bench
1471,521,30,,Bench
1472,522,30,,Bench
1473,523,30,,Bench
1474,524,30,,Bench
1475,525,30,,Bench
1476,551,30,96,Goalie
1477,552,30,96,Outfielder
1478,553,30,96,Outfielder
1479,554,30,96,Outfielder
1480,555,30,96,Outfielder
1481,556,30,96,Outfielder
1482,557,30,90,Outfielder
1483,558,30,90,Outfielder
1484,559,30,90,Outfielder
1485,560,30,90,Outfielder
1486,561,30,90,Outfielder
1487,562,30,,Bench
1488,563,30,6,Substitute
1489,564,30,6,Substitute
1490,565,30,6,Substitute
1491,566,30,6,Substitute
1492,567,30,6,Substitute
1493,568,30,,Bench
1494,569,30,,Bench
1495,570,30,,Bench
1496,571,30,,Bench
1497,572,30,,Bench
1498,573,30,,Bench
1499,574,30,,Bench
1500,575,30,,Bench
1501,776,31,96,Goalie
1502,777,31,96,Outfielder
1503,778,31,96,Outfielder
1504,779,31,96,Outfielder
1505,780,31,96,Outfielder
1506,781,31,96,Outfielder
1507,782,31,90,Outfielder
1508,783,31,90,Outfielder
1509,784,31,90,Outfielder
1510,785,31,90,Outfielder
1511,786,31,90,Outfielder
1512,787,31,,Bench
1513,788,31,6,Substitute
1514,789,31,6,Substitute
1515,790,31,6,Substitute
1516,791,31,6,Substitute
1517,792,31,6,Substitute
1518,793,31,,Bench
1519,794,31,,Bench
1520,795,31,,Bench
1521,796,31,,Bench
1522,797,31,,Bench
1523,798,31,,Bench
1524,799,31,,Bench
1525,800,31,,Bench
1526,726,31,96,Goalie
1527,727,31,96,Outfielder
1528,728,31,96,Outfielder
1529,729,31,96,Outfielder
1530,730,31,96,Outfielder
1531,731,31,96,Outfielder
1532,732,31,90,Outfielder
1533,733,31,90,Outfielder
1534,734,31,90,Outfielder
1535,735,31,90,Outfielder
1536,736,31,90,Outfielder
1537,737,31,,Bench
1538,738,31,6,Substitute
1539,739,31,6,Substitute
1540,740,31,6,Substitute
1541,741,31,6,Substitute
1542,742,31,6,Substitute
1543,743,31,,Bench
1544,744,31,,Bench
1545,745,31,,Bench
1546,746,31,,Bench
1547,747,31,,Bench
1548,748,31,,Bench
1549,749,31,,Bench
1550,750,31,,Bench
1551,76,32,96,Goalie
1552,77,32,96,Outfielder
1553,78,32,96,Outfielder
1554,79,32,96,Outfielder
1555,80,32,96,Outfielder
1556,81,32,96,Outfielder
1557,82,32,90,Outfielder
1558,83,32,90,Outfielder
1559,84,32,90,Outfielder
1560,85,32,90,Outfielder
1561,86,32,90,Outfielder
1562,87,32,,Bench
1563,88,32,6,Substitute
1564,89,32,6,Substitute
1565,90,32,6,Substitute
1566,91,32,6,Substitute
1567,92,32,6,Substitute
1568,93,32,,Bench
1569,94,32,,Bench
1570,95,32,,Bench
1571,96,32,,Bench
1572,97,32,,Bench
1573,98,32,,Bench
1574,99,32,,Bench
1575,100,32,,Bench
1576,1,32,96,Goalie
1577,2,32,96,Outfielder
1578,3,32,96,Outfielder
1579,4,32,96,Outfielder
1580,5,32,96,Outfielder
1581,6,32,96,Outfielder
1582,7,32,90,Outfielder
1583,8,32,90,Outfielder
1584,9,32,90,Outfielder
1585,10,32,90,Outfielder
1586,11,32,90,Outfielder
1587,12,32,,Bench
1588,13,32,6,Substitute
1589,14,32,6,Substitute
1590,15,32,6,Substitute
1591,16,32,6,Substitute
1592,17,32,6,Substitute
1593,18,32,,Bench
1594,19,32,,Bench
1595,20,32,,Bench
1596,21,32,,Bench
1597,22,32,,Bench
1598,23,32,,Bench
1599,24,32,,Bench
1600,25,32,,Bench
1601,26,33,96,Goalie
1602,27,33,96,Outfielder
1603,28,33,96,Outfielder
1604,29,33,96,Outfielder
1605,30,33,96,Outfielder
1606,31,33,96,Outfielder
1607,32,33,90,Outfielder
1608,33,33,90,Outfielder
1609,34,33,90,Outfielder
1610,35,33,90,Outfielder
1611,36,33,90,Outfielder
1612,37,33,,Bench
1613,38,33,6,Substitute
1614,39,33,6,Substitute
1615,40,33,6,Substitute
1616,41,33,6,Substitute
1617,42,33,6,Substitute
1618,43,33,,Bench
1619,44,33,,Bench
1620,45,33,,Bench
1621,46,33,,Bench
1622,47,33,,Bench
1623,48,33,,Bench
1624,49,33,,Bench
1625,50,33,,Bench
1626,51,33,96,Goalie
1627,52,33,96,Outfielder
1628,53,33,96,Outfielder
1629,54,33,96,Outfielder
1630,55,33,96,Outfielder
1631,56,33,96,Outfielder
1632,57,33,90,Outfielder
1633,58,33,90,Outfielder
1634,59,33,90,Outfielder
1635,60,33,90,Outfielder
1636,61,33,90,Outfielder
1637,62,33,,Bench
1638,63,33,6,Substitute
1639,64,33,6,Substitute
1640,65,33,6,Substitute
1641,66,33,6,Substitute
1642,67,33,6,Substitute
1643,68,33,,Bench
1644,69,33,,Bench
1645,70,33,,Bench
1646,71,33,,Bench
1647,72,33,,Bench
1648,73,33,,Bench
1649,74,33,,Bench
1650,75,33,,Bench
1651,701,34,96,Goalie
1652,702,34,96,Outfielder
1653,703,34,96,Outfielder
1654,704,34,96,Outfielder
1655,705,34,96,Outfielder
1656,706,34,96,Outfielder
1657,707,34,90,Outfielder
1658,708,34,90,Outfielder
1659,709,34,90,Outfielder
1660,710,34,90,Outfielder
1661,711,34,90,Outfielder
1662,712,34,,Bench
1663,713,34,6,Substitute
1664,714,34,6,Substitute
1665,715,34,6,Substitute
1666,716,34,6,Substitute
1667,717,34,6,Substitute
1668,718,34,,Bench
1669,719,34,,Bench
1670,720,34,,Bench
1671,721,34,,Bench
1672,722,34,,Bench
1673,723,34,,Bench
1674,724,34,,Bench
1675,725,34,,Bench
1676,751,34,96,Goalie
1677,752,34,96,Outfielder
1678,753,34,96,Outfielder
1679,754,34,96,Outfielder
1680,755,34,96,Outfielder
1681,756,34,96,Outfielder
1682,757,34,90,Outfielder
1683,758,34,90,Outfielder
1684,759,34,90,Outfielder
1685,760,34,90,Outfielder
1686,761,34,90,Outfielder
1687,762,34,,Bench
1688,763,34,6,Substitute
1689,764,34,6,Substitute
1690,765,34,6,Substitute
1691,766,34,6,Substitute
1692,767,34,6,Substitute
1693,768,34,,Bench
1694,769,34,,Bench
1695,770,34,,Bench
1696,771,34,,Bench
1697,772,34,,Bench
1698,773,34,,Bench
1699,774,34,,Bench
1700,775,34,,Bench
1701,276,35,96,Goalie
1702,277,35,96,Outfielder
1703,278,35,96,Outfielder
1704,279,35,96,Outfielder
1705,280,35,96,Outfielder
1706,281,35,96,Outfielder
1707,282,35,90,Outfielder
1708,283,35,90,Outfielder
1709,284,35,90,Outfielder
1710,285,35,90,Outfielder
1711,286,35,90,Outfielder
1712,287,35,,Bench
1713,288,35,6,Substitute
1714,289,35,6,Substitute
1715,290,35,6,Substitute
1716,291,35,6,Substitute
1717,292,35,6,Substitute
1718,293,35,,Bench
1719,294,35,,Bench
1720,295,35,,Bench
1721,296,35,,Bench
1722,297,35,,Bench
1723,298,35,,Bench
1724,299,35,,Bench
1725,300,35,,Bench
1726,201,35,96,Goalie
1727,202,35,96,Outfielder
1728,203,35,96,Outfielder
1729,204,35,96,Outfielder
1730,205,35,96,Outfielder
1731,206,35,96,Outfielder
1732,207,35,90,Outfielder
1733,208,35,90,Outfielder
1734,209,35,90,Outfielder
1735,210,35,90,Outfielder
1736,211,35,90,Outfielder
1737,212,35,,Bench
1738,213,35,6,Substitute
1739,214,35,6,Substitute
1740,215,35,6,Substitute
1741,216,35,6,Substitute
1742,217,35,6,Substitute
1743,218,35,,Bench
1744,219,35,,Bench
1745,220,35,,Bench
1746,221,35,,Bench
1747,222,35,,Bench
1748,223,35,,Bench
1749,224,35,,Bench
1750,225,35,,Bench
1751,226,36,96,Goalie
1752,227,36,96,Outfielder
1753,228,36,96,Outfielder
1754,229,36,96,Outfielder
1755,230,36,96,Outfielder
1756,231,36,96,Outfielder
1757,232,36,90,Outfielder
1758,233,36,90,Outfielder
1759,234,36,90,Outfielder
1760,235,36,90,Outfielder
1761,236,36,90,Outfielder
1762,237,36,,Bench
1763,238,36,6,Substitute
1764,239,36,6,Substitute
1765,240,36,6,Substitute
1766,241,36,6,Substitute
1767,242,36,6,Substitute
1768,243,36,,Bench
1769,244,36,,Bench
1770,245,36,,Bench
1771,246,36,,Bench
1772,247,36,,Bench
1773,248,36,,Bench
1774,249,36,,Bench
1775,250,36,,Bench
1776,251,36,96,Goalie
1777,252,36,96,Outfielder
1778,253,36,96,Outfielder
1779,254,36,96,Outfielder
1780,255,36,96,Outfielder
1781,256,36,96,Outfielder
1782,257,36,90,Outfielder
1783,258,36,90,Outfielder
1784,259,36,90,Outfielder
1785,260,36,90,Outfielder
1786,261,36,90,Outfielder
1787,262,36,,Bench
1788,263,36,6,Substitute
1789,264,36,6,Substitute
1790,265,36,6,Substitute
1791,266,36,6,Substitute
1792,267,36,6,Substitute
1793,268,36,,Bench
1794,269,36,,Bench
1795,270,36,,Bench
1796,271,36,,Bench
1797,272,36,,Bench
1798,273,36,,Bench
1799,274,36,,Bench
1800,275,36,,Bench
1801,176,37,96,Goalie
1802,177,37,96,Outfielder
1803,178,37,96,Outfielder
1804,179,37,96,Outfielder
1805,180,37,96,Outfielder
1806,181,37,96,Outfielder
1807,182,37,90,Outfielder
1808,183,37,90,Outfielder
1809,184,37,90,Outfielder
1810,185,37,90,Outfielder
1811,186,37,90,Outfielder
1812,187,37,,Bench
1813,188,37,6,Substitute
1814,189,37,6,Substitute
1815,190,37,6,Substitute
1816,191,37,6,Substitute
1817,192,37,6,Substitute
1818,193,37,,Bench
1819,194,37,,Bench
1820,195,37,,Bench
1821,196,37,,Bench
1822,197,37,,Bench
1823,198,37,,Bench
1824,199,37,,Bench
1825,200,37,,Bench
1826,101,37,96,Goalie
1827,102,37,96,Outfielder
1828,103,37,96,Outfielder
1829,104,37,96,Outfielder
1830,105,37,96,Outfielder
1831,106,37,96,Outfielder
1832,107,37,90,Outfielder
1833,108,37,90,Outfielder
1834,109,37,90,Outfielder
1835,110,37,90,Outfielder
1836,111,37,90,Outfielder
1837,112,37,,Bench
1838,113,37,6,Substitute
1839,114,37,6,Substitute
1840,115,37,6,Substitute
1841,116,37,6,Substitute
1842,117,37,6,Substitute
1843,118,37,,Bench
1844,119,37,,Bench
1845,120,37,,Bench
1846,121,37,,Bench
1847,122,37,,Bench
1848,123,37,,Bench
1849,124,37,,Bench
1850,125,37,,Bench
1851,126,38,96,Goalie
1852,127,38,96,Outfielder
1853,128,38,96,Outfielder
1854,129,38,96,Outfielder
1855,130,38,96,Outfielder
1856,131,38,96,Outfielder
1857,132,38,90,Outfielder
1858,133,38,90,Outfielder
1859,134,38,90,Outfielder
1860,135,38,90,Outfielder
1861,136,38,90,Outfielder
1862,137,38,,Bench
1863,138,38,6,Substitute
1864,139,38,6,Substitute
1865,140,38,6,Substitute
1866,141,38,6,Substitute
1867,142,38,6,Substitute
1868,143,38,,Bench
1869,144,38,,Bench
1870,145,38,,Bench
1871,146,38,,Bench
1872,147,38,,Bench
1873,148,38,,Bench
1874,149,38,,Bench
1875,150,38,,Bench
1876,151,38,96,Goalie
1877,152,38,96,Outfielder
1878,153,38,96,Outfielder
1879,154,38,96,Outfielder
1880,155,38,96,Outfielder
1881,156,38,96,Outfielder
1882,157,38,90,Outfielder
1883,158,38,90,Outfielder
1884,159,38,90,Outfielder
1885,160,38,90,Outfielder
1886,161,38,90,Outfielder
1887,162,38,,Bench
1888,163,38,6,Substitute
1889,164,38,6,Substitute
1890,165,38,6,Substitute
1891,166,38,6,Substitute
1892,167,38,6,Substitute
1893,168,38,,Bench
1894,169,38,,Bench
1895,170,38,,Bench
1896,171,38,,Bench
1897,172,38,,Bench
1898,173,38,,Bench
1899,174,38,,Bench
1900,175,38,,Bench
1901,476,39,96,Goalie
1902,477,39,96,Outfielder
1903,478,39,96,Outfielder
1904,479,39,96,Outfielder
1905,480,39,96,Outfielder
1906,481,39,96,Outfielder
1907,482,39,90,Outfielder
1908,483,39,90,Outfielder
1909,484,39,90,Outfielder
1910,485,39,90,Outfielder
1911,486,39,90,Outfielder
1912,487,39,,Bench
1913,488,39,6,Substitute
1914,489,39,6,Substitute
1915,490,39,6,Substitute
1916,491,39,6,Substitute
1917,492,39,6,Substitute
1918,493,39,,Bench
1919,494,39,,Bench
1920,495,39,,Bench
1921,496,39,,Bench
1922,497,39,,Bench
1923,498,39,,Bench
1924,499,39,,Bench
1925,500,39,,Bench
1926,651,39,96,Goalie
1927,652,39,96,Outfielder
1928,653,39,96,Outfielder
1929,654,39,96,Outfielder
1930,655,39,96,Outfielder
1931,656,39,96,Outfielder
1932,657,39,90,Outfielder
1933,658,39,90,Outfielder
1934,659,39,90,Outfielder
1935,660,39,90,Outfielder
1936,661,39,90,Outfielder
1937,662,39,,Bench
1938,663,39,6,Substitute
1939,664,39,6,Substitute
1940,665,39,6,Substitute
1941,666,39,6,Substitute
1942,667,39,6,Substitute
1943,668,39,,Bench
1944,669,39,,Bench
1945,670,39,,Bench
1946,671,39,,Bench
1947,672,39,,Bench
1948,673,39,,Bench
1949,674,39,,Bench
1950,675,39,,Bench
1951,426,40,96,Goalie
1952,427,40,96,Outfielder
1953,428,40,96,Outfielder
1954,429,40,96,Outfielder
1955,430,40,96,Outfielder
1956,431,40,96,Outfielder
1957,432,40,90,Outfielder
1958,433,40,90,Outfielder
1959,434,40,90,Outfielder
1960,435,40,90,Outfielder
1961,436,40,90,Outfielder
1962,437,40,,Bench
1963,438,40,6,Substitute
1964,439,40,6,Substitute
1965,440,40,6,Substitute
1966,441,40,6,Substitute
1967,442,40,6,Substitute
1968,443,40,,Bench
1969,444,40,,Bench
1970,445,40,,Bench
1971,446,40,,Bench
1972,447,40,,Bench
1973,448,40,,Bench
1974,449,40,,Bench
1975,450,40,,Bench
1976,451,40,96,Goalie
1977,452,40,96,Outfielder
1978,453,40,96,Outfielder
1979,454,40,96,Outfielder
1980,455,40,96,Outfielder
1981,456,40,96,Outfielder
1982,457,40,90,Outfielder
1983,458,40,90,Outfielder
1984,459,40,90,Outfielder
1985,460,40,90,Outfielder
1986,461,40,90,Outfielder
1987,462,40,,Bench
1988,463,40,6,Substitute
1989,464,40,6,Substitute
1990,465,40,6,Substitute
1991,466,40,6,Substitute
1992,467,40,6,Substitute
1993,468,40,,Bench
1994,469,40,,Bench
1995,470,40,,Bench
1996,471,40,,Bench
1997,472,40,,Bench
1998,473,40,,Bench
1999,474,40,,Bench
2000,475,40,,Bench
2001,326,41,96,Goalie
2002,327,41,96,Outfielder
2003,328,41,96,Outfielder
2004,329,41,96,Outfielder
2005,330,41,96,Outfielder
2006,331,41,96,Outfielder
2007,332,41,90,Outfielder
2008,333,41,90,Outfielder
2009,334,41,90,Outfielder
2010,335,41,90,Outfielder
2011,336,41,90,Outfielder
2012,337,41,,Bench
2013,338,41,6,Substitute
2014,339,41,6,Substitute
2015,340,41,6,Substitute
2016,341,41,6,Substitute
2017,342,41,6,Substitute
2018,343,41,,Bench
2019,344,41,,Bench
2020,345,41,,Bench
2021,346,41,,Bench
2022,347,41,,Bench
2023,348,41,,Bench
2024,349,41,,Bench
2025,350,41,,Bench
2026,351,41,96,Goalie
2027,352,41,96,Outfielder
2028,353,41,96,Outfielder
2029,354,41,96,Outfielder
2030,355,41,96,Outfielder
2031,356,41,96,Outfielder
2032,357,41,90,Outfielder
2033,358,41,90,Outfielder
2034,359,41,90,Outfielder
2035,360,41,90,Outfielder
2036,361,41,90,Outfielder
2037,362,41,,Bench
2038,363,41,6,Substitute
2039,364,41,6,Substitute
2040,365,41,6,Substitute
2041,366,41,6,Substitute
2042,367,41,6,Substitute
2043,368,41,,Bench
2044,369,41,,Bench
2045,370,41,,Bench
2046,371,41,,Bench
2047,372,41,,Bench
2048,373,41,,Bench
2049,374,41,,Bench
2050,375,41,,Bench
2051,376,42,96,Goalie
2052,377,42,96,Outfielder
2053,378,42,96,Outfielder
2054,379,42,96,Outfielder
2055,380,42,96,Outfielder
2056,381,42,96,Outfielder
2057,382,42,90,Outfielder
2058,383,42,90,Outfielder
2059,384,42,90,Outfielder
2060,385,42,90,Outfielder
2061,386,42,90,Outfielder
2062,387,42,,Bench
2063,388,42,6,Substitute
2064,389,42,6,Substitute
2065,390,42,6,Substitute
2066,391,42,6,Substitute
2067,392,42,6,Substitute
2068,393,42,,Bench
2069,394,42,,Bench
2070,395,42,,Bench
2071,396,42,,Bench
2072,397,42,,Bench
2073,398,42,,Bench
2074,399,42,,Bench
2075,400,42,,Bench
2076,301,42,96,Goalie
2077,302,42,96,Outfielder
2078,303,42,96,Outfielder
2079,304,42,96,Outfielder
2080,305,42,96,Outfielder
2081,306,42,96,Outfielder
2082,307,42,90,Outfielder
2083,308,42,90,Outfielder
2084,309,42,90,Outfielder
2085,310,42,90,Outfielder
2086,311,42,90,Outfielder
2087,312,42,,Bench
2088,313,42,6,Substitute
2089,314,42,6,Substitute
2090,315,42,6,Substitute
2091,316,42,6,Substitute
2092,317,42,6,Substitute
2093,318,42,,Bench
2094,319,42,,Bench
2095,320,42,,Bench
2096,321,42,,Bench
2097,322,42,,Bench
2098,323,42,,Bench
2099,324,42,,Bench
2100,325,42,,Bench
2101,676,43,96,Goalie
2102,677,43,96,Outfielder
2103,678,43,96,Outfielder
2104,679,43,96,Outfielder
2105,680,43,96,Outfielder
2106,681,43,96,Outfielder
2107,682,43,90,Outfielder
2108,683,43,90,Outfielder
2109,684,43,90,Outfielder
2110,685,43,90,Outfielder
2111,686,43,90,Outfielder
2112,687,43,,Bench
2113,688,43,6,Substitute
2114,689,43,6,Substitute
2115,690,43,6,Substitute
2116,691,43,6,Substitute
2117,692,43,6,Substitute
2118,693,43,,Bench
2119,694,43,,Bench
2120,695,43,,Bench
2121,696,43,,Bench
2122,697,43,,Bench
2123,698,43,,Bench
2124,699,43,,Bench
2125,700,43,,Bench
2126,601,43,96,Goalie
2127,602,43,96,Outfielder
2128,603,43,96,Outfielder
2129,604,43,96,Outfielder
2130,605,43,96,Outfielder
2131,606,43,96,Outfielder
2132,607,43,90,Outfielder
2133,608,43,90,Outfielder
2134,609,43,90,Outfielder
2135,610,43,90,Outfielder
2136,611,43,90,Outfielder
2137,612,43,,Bench
2138,613,43,6,Substitute
2139,614,43,6,Substitute
2140,615,43,6,Substitute
2141,616,43,6,Substitute
2142,617,43,6,Substitute
2143,618,43,,Bench
2144,619,43,,Bench
2145,620,43,,Bench
2146,621,43,,Bench
2147,622,43,,Bench
2148,623,43,,Bench
2149,624,43,,Bench
2150,625,43,,Bench
2151,626,44,96,Goalie
2152,627,44,96,Outfielder
2153,628,44,96,Outfielder
2154,629,44,96,Outfielder
2155,630,44,96,Outfielder
2156,631,44,96,Outfielder
2157,632,44,90,Outfielder
2158,633,44,90,Outfielder
2159,634,44,90,Outfielder
2160,635,44,90,Outfielder
2161,636,44,90,Outfielder
2162,637,44,,Bench
2163,638,44,6,Substitute
2164,639,44,6,Substitute
2165,640,44,6,Substitute
2166,641,44,6,Substitute
2167,642,44,6,Substitute
2168,643,44,,Bench
2169,644,44,,Bench
2170,645,44,,Bench
2171,646,44,,Bench
2172,647,44,,Bench
2173,648,44,,Bench
2174,649,44,,Bench
2175,650,44,,Bench
2176,651,44,96,Goalie
2177,652,44,96,Outfielder
2178,653,44,96,Outfielder
2179,654,44,96,Outfielder
2180,655,44,96,Outfielder
2181,656,44,96,Outfielder
2182,657,44,90,Outfielder
2183,658,44,90,Outfielder
2184,659,44,90,Outfielder
2185,660,44,90,Outfielder
2186,661,44,90,Outfielder
2187,662,44,,Bench
2188,663,44,6,Substitute
2189,664,44,6,Substitute
2190,665,44,6,Substitute
2191,666,44,6,Substitute
2192,667,44,6,Substitute
2193,668,44,,Bench
2194,669,44,,Bench
2195,670,44,,Bench
2196,671,44,,Bench
2197,672,44,,Bench
2198,673,44,,Bench
2199,674,44,,Bench
2200,675,44,,Bench
2201,576,45,96,Goalie
2202,577,45,96,Outfielder
2203,578,45,96,Outfielder
2204,579,45,96,Outfielder
2205,580,45,96,Outfielder
2206,581,45,96,Outfielder
2207,582,45,90,Outfielder
2208,583,45,90,Outfielder
2209,584,45,90,Outfielder
2210,585,45,90,Outfielder
2211,586,45,90,Outfielder
2212,587,45,,Bench
2213,588,45,6,Substitute
2214,589,45,6,Substitute
2215,590,45,6,Substitute
2216,591,45,6,Substitute
2217,592,45,6,Substitute
2218,593,45,,Bench
2219,594,45,,Bench
2220,595,45,,Bench
2221,596,45,,Bench
2222,597,45,,Bench
2223,598,45,,Bench
2224,599,45,,Bench
2225,600,45,,Bench
2226,501,45,96,Goalie
2227,502,45,96,Outfielder
2228,503,45,96,Outfielder
2229,504,45,96,Outfielder
2230,505,45,96,Outfielder
2231,506,45,96,Outfielder
2232,507,45,90,Outfielder
2233,508,45,90,Outfielder
2234,509,45,90,Outfielder
2235,510,45,90,Outfielder
2236,511,45,90,Outfielder
2237,512,45,,Bench
2238,513,45,6,Substitute
2239,514,45,6,Substitute
2240,515,45,6,Substitute
2241,516,45,6,Substitute
2242,517,45,6,Substitute
2243,518,45,,Bench
2244,519,45,,Bench
2245,520,45,,Bench
2246,521,45,,Bench
2247,522,45,,Bench
2248,523,45,,Bench
2249,524,45,,Bench
2250,525,45,,Bench
2251,526,46,96,Goalie
2252,527,46,96,Outfielder
2253,528,46,96,Outfielder
2254,529,46,96,Outfielder
2255,530,46,96,Outfielder
2256,531,46,96,Outfielder
2257,532,46,90,Outfielder
2258,533,46,90,Outfielder
2259,534,46,90,Outfielder
2260,535,46,90,Outfielder
2261,536,46,90,Outfielder
2262,537,46,,Bench
2263,538,46,6,Substitute
2264,539,46,6,Substitute
2265,540,46,6,Substitute
2266,541,46,6,Substitute
2267,542,46,6,Substitute
2268,543,46,,Bench
2269,544,46,,Bench
2270,545,46,,Bench
2271,546,46,,Bench
2272,547,46,,Bench
2273,548,46,,Bench
2274,549,46,,Bench
2275,550,46,,Bench
2276,551,46,96,Goalie
2277,552,46,96,Outfielder
2278,553,46,96,Outfielder
2279,554,46,96,Outfielder
2280,555,46,96,Outfielder
2281,556,46,96,Outfielder
2282,557,46,90,Outfielder
2283,558,46,90,Outfielder
2284,559,46,90,Outfielder
2285,560,46,90,Outfielder
2286,561,46,90,Outfielder
2287,562,46,,Bench
2288,563,46,6,Substitute
2289,564,46,6,Substitute
2290,565,46,6,Substitute
2291,566,46,6,Substitute
2292,567,46,6,Substitute
2293,568,46,,Bench
2294,569,46,,Bench
2295,570,46,,Bench
2296,571,46,,Bench
2297,572,46,,Bench
2298,573,46,,Bench
2299,574,46,,Bench
2300,575,46,,Bench
2301,726,47,96,Goalie
2302,727,47,96,Outfielder
2303,728,47,96,Outfielder
2304,729,47,96,Outfielder
2305,730,47,96,Outfielder
2306,731,47,96,Outfielder
2307,732,47,90,Outfielder
2308,733,47,90,Outfielder
2309,734,47,90,Outfielder
2310,735,47,90,Outfielder
2311,736,47,90,Outfielder
2312,737,47,,Bench
2313,738,47,6,Substitute
2314,739,47,6,Substitute
2315,740,47,6,Substitute
2316,741,47,6,Substitute
2317,742,47,6,Substitute
2318,743,47,,Bench
2319,744,47,,Bench
2320,745,47,,Bench
2321,746,47,,Bench
2322,747,47,,Bench
2323,748,47,,Bench
2324,749,47,,Bench
2325,750,47,,Bench
2326,751,47,96,Goalie
2327,752,47,96,Outfielder
2328,753,47,96,Outfielder
2329,754,47,96,Outfielder
2330,755,47,96,Outfielder
2331,756,47,96,Outfielder
2332,757,47,90,Outfielder
2333,758,47,90,Outfielder
2334,759,47,90,Outfielder
2335,760,47,90,Outfielder
2336,761,47,90,Outfielder
2337,762,47,,Bench
2338,763,47,6,Substitute
2339,764,47,6,Substitute
2340,765,47,6,Substitute
2341,766,47,6,Substitute
2342,767,47,6,Substitute
2343,768,47,,Bench
2344,769,47,,Bench
2345,770,47,,Bench
2346,771,47,,Bench
2347,772,47,,Bench
2348,773,47,,Bench
2349,774,47,,Bench
2350,775,47,,Bench
2351,776,48,96,Goalie
2352,777,48,96,Outfielder
2353,778,48,96,Outfielder
2354,779,48,96,Outfielder
2355,780,48,96,Outfielder
2356,781,48,96,Outfielder
2357,782,48,90,Outfielder
2358,783,48,90,Outfielder
2359,784,48,90,Outfielder
2360,785,48,90,Outfielder
2361,786,48,90,Outfielder
2362,787,48,,Bench
2363,788,48,6,Substitute
2364,789,48,6,Substitute
2365,790,48,6,Substitute
2366,791,48,6,Substitute
2367,792,48,6,Substitute
2368,793,48,,Bench
2369,794,48,,Bench
2370,795,48,,Bench
2371,796,48,,Bench
2372,797,48,,Bench
2373,798,48,,Bench
2374,799,48,,Bench
2375,800,48,,Bench
2376,701,48,96,Goalie
2377,702,48,96,Outfielder
2378,703,48,96,Outfielder
2379,704,48,96,Outfielder
2380,705,48,96,Outfielder
2381,706,48,96,Outfielder
2382,707,48,90,Outfielder
2383,708,48,90,Outfielder
2384,709,48,90,Outfielder
2385,710,48,90,Outfielder
2386,711,48,90,Outfielder
2387,712,48,,Bench
2388,713,48,6,Substitute
2389,714,48,6,Substitute
2390,715,48,6,Substitute
2391,716,48,6,Substitute
2392,717,48,6,Substitute
2393,718,48,,Bench
2394,719,48,,Bench
2395,720,48,,Bench
2396,721,48,,Bench
2397,722,48,,Bench
2398,723,48,,Bench
2399,724,48,,Bench
2400,725,48,,Bench