id,first_name,last_name,shirt_number,team_id
1,Nady,Tilmouth,1,1
2,Marget,Simnel,2,1
3,Kristoforo,O'Roan,3,1
4,Evangeline,Liddle,4,1
5,Cesaro,Feron,5,1
6,Dolli,Vaillant,6,1
7,Rita,Haythorn,7,1
8,Brett,Andell,8,1
9,Nate,Griston,9,1
10,Odilia,Olivet,10,1
11,Tait,Dudleston,11,1
12,Zoe,Verzey,12,1
13,Blancha,Wilcot,13,1
14,Saunder,March,14,1
15,Lenette,Raggles,15,1
16,Daveen,Van der Velde,16,1
17,Lionello,Aldrick,17,1
18,Albert,Titterrell,18,1
19,Justus,Probbing,19,1
20,Elke,Degnen,20,1
21,Morgan,Worner,21,1
22,Orbadiah,Marcoolyn,22,1
23,Daria,Flecknell,23,1
24,Kurt,Eckersall,24,1
25,Pavlov,Swatheridge,25,1
26,Georgeanne,Adin,1,2
27,Maddie,MacDermot,2,2
28,Crissy,Verrier,3,2
29,Michele,Bittleson,4,2
30,Myrna,Hilland,5,2
31,Nye,Schout,6,2
32,Clerc,Carnell,7,2
33,Tan,Spalls,8,2
34,Silvana,Bouzek,9,2
35,Sibylle,Noorwood,10,2
36,Constantino,Cumbridge,11,2
37,Dominique,Chetwin,12,2
38,Anderea,Easseby,13,2
39,Gwendolin,Ducker,14,2
40,Astrid,Emmett,15,2
41,Loni,Voisey,16,2
42,Johnath,Menary,17,2
43,Michale,Bedder,18,2
44,Norbie,Aloigi,19,2
45,Redd,Bachman,20,2
46,Lauren,Matyasik,21,2
47,Otes,Ireson,22,2
48,Paolo,Lehrer,23,2
49,Marlow,Bouller,24,2
50,Upton,Thorp,25,2
51,Hanny,Carde,1,3
52,Herschel,Treece,2,3
53,Lorene,Kline,3,3
54,Ollie,Browse,4,3
55,Brandy,Toppin,5,3
56,Desmond,Isted,6,3
57,Naoma,Bolte,7,3
58,Ashli,Markie,8,3
59,Berny,Wymer,9,3
60,Josy,Ekell,10,3
61,Salem,Coupe,11,3
62,Myron,O'Cahill,12,3
63,Inga,Dillow,13,3
64,Dolorita,Thairs,14,3
65,Nada,Fellow,15,3
66,Bartolomeo,Fawlks,16,3
67,Vick,Boulstridge,17,3
68,Laurens,Blaydes,18,3
69,Sauncho,Stuttman,19,3
70,Ira,Spellecy,20,3
71,Meagan,Eltringham,21,3
72,Priscella,Vaulkhard,22,3
73,Dorri,Warwick,23,3
74,Eustace,Danels,24,3
75,Lilli,Haddow,25,3
76,Kira,Couves,1,4
77,Bone,Gascone,2,4
78,Karel,Bogue,3,4
79,Charil,Watmore,4,4
80,Rafaelita,Hriinchenko,5,4
81,Suzy,Loble,6,4
82,Dominique,Weinberg,7,4
83,Kelila,Brightie,8,4
84,Brenn,Bakhrushin,9,4
85,Tasia,Abramovitz,10,4
86,Cristie,Greaterex,11,4
87,Murdoch,Todari,12,4
88,Ginevra,Wyldbore,13,4
89,Devon,Dyter,14,4
90,Benito,Cuppitt,15,4
91,Colleen,Olorenshaw,16,4
92,Frasco,Simonassi,17,4
93,Mabelle,Creswell,18,4
94,Dodi,Pinnion,19,4
95,Gaylor,Sheara,20,4
96,Meade,Pearce,21,4
97,Saudra,Mather,22,4
98,Lynne,Lisimore,23,4
99,Stefania,Molineaux,24,4
100,Bryn,Kimmings,25,4
101,Sadella,Paget,1,5
102,Guenna,Milksop,2,5
103,Archambault,Savine,3,5
104,Kaleena,Driffield,4,5
105,Minne,Winspur,5,5
106,Sibylla,Gullberg,6,5
107,Brendis,Ladson,7,5
108,Carlin,Aronstam,8,5
109,Melodee,Kippie,9,5
110,Hannis,Grills,10,5
111,Gray,Letch,11,5
112,Aurelea,Snookes,12,5
113,Lock,Paterno,13,5
114,Artur,Hargroves,14,5
115,Jens,Di Batista,15,5
116,Porty,Kubasiewicz,16,5
117,Haily,McEnteggart,17,5
118,Glenden,Prettyjohn,18,5
119,Dorian,Apedaile,19,5
120,Letti,Callear,20,5
121,Evelyn,Caughey,21,5
122,Phillipe,Devitt,22,5
123,Gerda,Trosdall,23,5
124,Rafi,Ternouth,24,5
125,Eward,Lewsam,25,5
126,Sibella,Sedgman,1,6
127,Donovan,Riep,2,6
128,Ynez,Johnson,3,6
129,Boyce,Dowthwaite,4,6
130,Woodman,Heineking,5,6
131,Cassie,Kynan,6,6
132,Sandie,Skamell,7,6
133,Pamelina,Peres,8,6
134,Jobina,Cestard,9,6
135,Jamil,Wards,10,6
136,Hermie,Benardet,11,6
137,Tyrone,Lowdham,12,6
138,Marcus,Pettus,13,6
139,Sigfrid,Wharin,14,6
140,Annabella,Raymen,15,6
141,Koo,Sutterfield,16,6
142,Rockey,Eldritt,17,6
143,Willie,Devanney,18,6
144,Zorina,Sauvain,19,6
145,Dora,Akid,20,6
146,Jaclin,Chung,21,6
147,Florentia,Stubbin,22,6
148,Joshia,Sutherley,23,6
149,Alverta,Edgeler,24,6
150,Mariquilla,Slym,25,6
151,Deana,MacVean,1,7
152,Amaleta,Kop,2,7
153,Freda,Shiliton,3,7
154,Malorie,Beri,4,7
155,Ginnie,Templar,5,7
156,Mareah,Easen,6,7
157,Mohammed,Allmen,7,7
158,Hadleigh,Carillo,8,7
159,Laryssa,Flann,9,7
160,Teirtza,O'Cullen,10,7
161,Dayna,Kill,11,7
162,Amata,Lorie,12,7
163,Royall,Wadeling,13,7
164,Swen,Yellop,14,7
165,Zara,Garfit,15,7
166,Gideon,Bountiff,16,7
167,Nannette,Soppeth,17,7
168,Janey,Wilsey,18,7
169,Lynette,Risley,19,7
170,Ardelia,Bywater,20,7
171,Amelia,Purdey,21,7
172,Neddy,Kershow,22,7
173,Keely,Weetch,23,7
174,Claudius,Wenderoth,24,7
175,Gertruda,Garden,25,7
176,Rhody,Arboin,1,8
177,Leonid,Fancy,2,8
178,Normand,Twells,3,8
179,Tiena,Carreck,4,8
180,Jean,Machel,5,8
181,Shirley,Houseman,6,8
182,Dominica,Pie,7,8
183,Licha,Deener,8,8
184,Inglis,Wadham,9,8
185,Torrey,Joplin,10,8
186,Roderick,Wood,11,8
187,Glenda,Ben-Aharon,12,8
188,Stephannie,Molohan,13,8
189,Gaylord,Divill,14,8
190,Aleta,Ffoulkes,15,8
191,Anderea,Bernucci,16,8
192,Jami,MacNish,17,8
193,Roslyn,Deetlefs,18,8
194,Milt,Clewlowe,19,8
195,Sofia,Lawrence,20,8
196,Jere,Spoole,21,8
197,Nolana,Yeldon,22,8
198,Maribel,Aspital,23,8
199,Wilmette,Camden,24,8
200,Dag,Watsham,25,8
201,Thekla,Zorzutti,1,9
202,Warner,Hirjak,2,9
203,Filmore,Scarasbrick,3,9
204,Durante,Ding,4,9
205,Barnaby,Gladwin,5,9
206,Dale,Duncan,6,9
207,Annabela,Kiddey,7,9
208,Morey,Cordeiro,8,9
209,Brennen,Cayle,9,9
210,Elvin,Cornier,10,9
211,Carter,Ivanichev,11,9
212,Charlotta,Dayley,12,9
213,Orelie,Dolphin,13,9
214,Violante,McKiddin,14,9
215,Ram,Mainz,15,9
216,Aleen,Riggoll,16,9
217,Ignatius,Haslin,17,9
218,Melantha,Ardley,18,9
219,Kathrine,Martinat,19,9
220,Herrick,Keppy,20,9
221,Orsola,Diehn,21,9
222,Betty,Labern,22,9
223,Shay,Jorry,23,9
224,Tilly,McPeck,24,9
225,Larine,Taleworth,25,9
226,Giorgi,Plumptre,1,10
227,Zak,Aberkirdo,2,10
228,Janice,Malden,3,10
229,Teri,Stegel,4,10
230,Alard,O'Lahy,5,10
231,Saraann,Hume,6,10
232,June,Camilli,7,10
233,Ignaz,Fallow,8,10
234,Hercule,Hayselden,9,10
235,Lindsay,Parmeter,10,10
236,Deva,McIlhone,11,10
237,Milka,Wessell,12,10
238,Barr,Latimer,13,10
239,Roobbie,Spatari,14,10
240,Sherye,Northin,15,10
241,Rosie,Sturgis,16,10
242,Susanna,Grundon,17,10
243,Crin,Beahan,18,10
244,Ole,Geekin,19,10
245,Isa,Allanby,20,10
246,Giulia,Timpany,21,10
247,Joice,Wakes,22,10
248,Silas,Shotbolt,23,10
249,Irvin,Smelley,24,10
250,Lucho,Witard,25,10
251,Redd,Barroux,1,11
252,Courtnay,Pogg,2,11
253,Ursula,Relfe,3,11
254,Annaliese,Jocelyn,4,11
255,Addia,Cocke,5,11
256,Gregorio,Gloves,6,11
257,Skippy,Pesterfield,7,11
258,Jamil,Spyer,8,11
259,Tamas,Punton,9,11
260,Dionis,Jaffrey,10,11
261,Claiborne,Noot,11,11
262,Ada,Gartrell,12,11
263,Del,Frowd,13,11
264,Lusa,Garrigan,14,11
265,Nero,Ughelli,15,11
266,Cristionna,Crankshaw,16,11
267,Krysta,Reddington,17,11
268,Marion,McMonnies,18,11
269,Breanne,Hegge,19,11
270,Daisie,Dower,20,11
271,Julieta,Gallager,21,11
272,Mirabelle,Gueinn,22,11
273,Sibby,Gaskoin,23,11
274,Dick,Cranke,24,11
275,Forest,Coxwell,25,11
276,Davy,Itzkovwich,1,12
277,Hyman,Postlethwaite,2,12
278,Sterling,Visick,3,12
279,Wake,Bagot,4,12
280,Hercules,Moult,5,12
281,Linette,Daubney,6,12
282,Tilda,Boomes,7,12
283,Magdalena,Boylin,8,12
284,Tiena,Matschke,9,12
285,Sebastiano,Beatson,10,12
286,Rosalynd,Fakes,11,12
287,Kimberly,Coniam,12,12
288,Patton,Titmarsh,13,12
289,Marja,Mawdsley,14,12
290,Hestia,Red,15,12
291,Rosemonde,Clother,16,12
292,Kerri,Yitzovitz,17,12
293,Druci,Walas,18,12
294,Sigismondo,Oglesbee,19,12
295,Sianna,Hughlin,20,12
296,Ingunna,Tyer,21,12
297,Immanuel,McFadyen,22,12
298,Morgen,Reihm,23,12
299,Lilyan,Robbings,24,12
300,Patten,Kirrens,25,12
301,Georgi,Calf,1,13
302,Kari,Fairweather,2,13
303,Cosetta,Bosher,3,13
304,Faulkner,Crumbie,4,13
305,Allsun,Hucker,5,13
306,Darn,Wolford,6,13
307,Kelsy,Berridge,7,13
308,Vincenty,Wedlock,8,13
309,Alleen,Prangley,9,13
310,Alena,Verma,10,13
311,Felipa,Rizzillo,11,13
312,Fidelia,Wreiford,12,13
313,Belia,Fanshawe,13,13
314,Ingeberg,Wight,14,13
315,Alie,Jeannaud,15,13
316,Jarib,Dikle,16,13
317,Deidre,Fahrenbach,17,13
318,Arni,Kettles,18,13
319,Beverley,Jozwiak,19,13
320,Ardyth,Sanchis,20,13
321,Correy,Labrone,21,13
322,Broderick,McCathy,22,13
323,Diarmid,Ilchenko,23,13
324,Avictor,Kingswold,24,13
325,Rebeca,Graal,25,13
326,Deana,McCurry,1,14
327,Datha,Jobes,2,14
328,Maynard,Bertomieu,3,14
329,Odette,Drury,4,14
330,Hephzibah,Duffie,5,14
331,Glynnis,Markova,6,14
332,Dominique,Bick,7,14
333,Bartholomeus,Heymes,8,14
334,Bettine,Rijkeseis,9,14
335,Marthe,Osmond,10,14
336,Josefa,Mackie,11,14
337,Craggy,MacInnes,12,14
338,Caryl,Pock,13,14
339,Jenelle,Oxenbury,14,14
340,Emlyn,Trobey,15,14
341,Garland,Matthensen,16,14
342,Robbert,Schreiner,17,14
343,Kristyn,Gaddesby,18,14
344,Camilla,Kinkaid,19,14
345,Mehetabel,Kirkby,20,14
346,Tymon,Abbott,21,14
347,Delphine,Gruszczak,22,14
348,Stewart,Thridgould,23,14
349,Kevin,Oxley,24,14
350,Allianora,Kurten,25,14
351,Vannie,Batting,1,15
352,Rubin,Kernar,2,15
353,Melinda,Handmore,3,15
354,Hartwell,Popworth,4,15
355,Fallon,Salzen,5,15
356,Gayler,Sunner,6,15
357,Jeramey,Wendover,7,15
358,Lois,Bogges,8,15
359,Karoline,Florence,9,15
360,Cory,Horsey,10,15
361,Daryn,Gofton,11,15
362,Oran,Studdeard,12,15
363,Rhiamon,Wait,13,15
364,Gina,Couves,14,15
365,Bjorn,Moorcroft,15,15
366,Dudley,Cowans,16,15
367,Alaster,Lamonby,17,15
368,Becki,Searby,18,15
369,Shanon,Harsum,19,15
370,Elonore,Andrin,20,15
371,Meredith,Foakes,21,15
372,Sharai,Rome,22,15
373,Reiko,Wiffill,23,15
374,Faydra,Labbez,24,15
375,Noland,Thumann,25,15
376,Jerrie,Feyer,1,16
377,Nara,Rymour,2,16
378,Shayne,Saur,3,16
379,Tabbatha,Scambler,4,16
380,Doralia,Grabham,5,16
381,Mikol,Matisse,6,16
382,Zora,Tapscott,7,16
383,Maridel,Bench,8,16
384,Elliott,Drakes,9,16
385,Shermie,Sorsbie,10,16
386,Larina,Alliban,11,16
387,Miranda,Snodin,12,16
388,Dunc,Yurchishin,13,16
389,Mallory,Edwick,14,16
390,Sallyann,Symcoxe,15,16
391,Butch,Tilly,16,16
392,Ermentrude,Orteau,17,16
393,Herold,Luna,18,16
394,Sylvia,Darragon,19,16
395,Jacqueline,Gibbin,20,16
396,Tonia,D'Alwis,21,16
397,Marga,Castleman,22,16
398,Bernardine,Pioli,23,16
399,Addie,Catonne,24,16
400,Teddy,Thonger,25,16
401,Moyna,Sabate,1,17
402,Simonne,Mantz,2,17
403,Kiele,Dunbar,3,17
404,Erich,Margarson,4,17
405,Andonis,Bleckly,5,17
406,Richmound,Odell,6,17
407,Corrina,Sothern,7,17
408,Currie,Mioni,8,17
409,Clement,Backwell,9,17
410,Valry,Hofer,10,17
411,Elsinore,Clunie,11,17
412,Hayley,Nicol,12,17
413,Ingaborg,Gilstin,13,17
414,Corby,Brister,14,17
415,Elaine,Pettigrew,15,17
416,Far,Damrel,16,17
417,Murial,Hotton,17,17
418,Clemmy,Caslin,18,17
419,Cinda,Easom,19,17
420,Lynnell,Breslau,20,17
421,Kristofor,Robrose,21,17
422,Flemming,Mapston,22,17
423,Orelia,Greenshiels,23,17
424,Neddy,Tatchell,24,17
425,Jaine,Passmore,25,17
426,Corbin,Sillett,1,18
427,Nevsa,Cornill,2,18
428,Frederica,Schwanden,3,18
429,Hannie,Duberry,4,18
430,Annis,Bateup,5,18
431,Marthena,Munks,6,18
432,Leila,Masser,7,18
433,Randi,Archambault,8,18
434,Keelia,Germain,9,18
435,Kimball,Kobke,10,18
436,Garvey,Browne,11,18
437,Trista,Collison,12,18
438,Hannah,McArdle,13,18
439,Shelton,Fransewich,14,18
440,Tiler,Tenwick,15,18
441,Irina,Balfre,16,18
442,Carolann,Weeden,17,18
443,Christoforo,Simeon,18,18
444,Olivie,Braithwaite,19,18
445,Sutherland,Cathesyed,20,18
446,Francesco,McKintosh,21,18
447,Winonah,Iianon,22,18
448,Mathias,Niles,23,18
449,Lorelle,Bills,24,18
450,Grethel,Guilleton,25,18
451,Eden,Orrobin,1,19
452,Anett,Till,2,19
453,Terri,Hannaby,3,19
454,Anthea,Gannaway,4,19
455,Timothea,Yeend,5,19
456,Marlene,McCole,6,19
457,Fanechka,Hebdon,7,19
458,Justus,Desbrow,8,19
459,Norris,Greenroyd,9,19
460,Malva,Trawin,10,19
461,Bernadette,Cornehl,11,19
462,Iseabal,Boom,12,19
463,Scotty,Niche,13,19
464,Torrin,Cosslett,14,19
465,Norine,Ellwell,15,19
466,Lanny,Trevascus,16,19
467,Cahra,Shaylor,17,19
468,Jakob,Morphet,18,19
469,Brunhilda,Lulham,19,19
470,Wiatt,McIlwraith,20,19
471,Lynnet,Tal,21,19
472,Gregor,Simnor,22,19
473,Hilliary,Rookwell,23,19
474,Ophelie,Pontin,24,19
475,Gene,Olech,25,19
476,Jerrie,Gillingham,1,20
477,Elvis,Pundy,2,20
478,Louis,Evitt,3,20
479,Freida,Cyseley,4,20
480,Briano,Bugg,5,20
481,Kevin,Channon,6,20
482,Sullivan,Dionisi,7,20
483,Karim,Buske,8,20
484,Fidelia,Fealy,9,20
485,Elbertine,Greendale,10,20
486,Curr,Deschelle,11,20
487,Jeralee,McCue,12,20
488,Carmita,Cabrer,13,20
489,Ketti,Oxenbury,14,20
490,Arman,Boatwright,15,20
491,Phelia,Novotne,16,20
492,Brooks,Pentycost,17,20
493,Dosi,Truett,18,20
494,Ellette,McDermot,19,20
495,Averil,Klimkov,20,20
496,Blondelle,Caffrey,21,20
497,Selma,Pugsley,22,20
498,Lexine,Cantopher,23,20
499,Libbey,Chellam,24,20
500,Faydra,Balhatchet,25,20
501,Ambros,Ellesworth,1,21
502,Sanders,Pigny,2,21
503,Daisie,Wigfall,3,21
504,Sibbie,Pynn,4,21
505,Elysha,Kerslake,5,21
506,Kingsly,De Freyne,6,21
507,Vernon,Floodgate,7,21
508,Fawnia,Escalante,8,21
509,Hamilton,Roberds,9,21
510,Carlota,Hallybone,10,21
511,Nyssa,Gasnell,11,21
512,Kimberlyn,Redferne,12,21
513,Rozina,Sambles,13,21
514,Regen,Leishman,14,21
515,Kial,Willers,15,21
516,Wyatt,Talloe,16,21
517,Gray,Lepick,17,21
518,Victoir,Hulme,18,21
519,Dalton,Coolican,19,21
520,Lanna,Burchell,20,21
521,Nyssa,Matyatin,21,21
522,Kleon,Yurmanovev,22,21
523,Danni,Goatcher,23,21
524,Fernanda,Yakobovicz,24,21
525,Chelsea,McLennan,25,21
526,Udall,Humpherson,1,22
527,Renae,McKibbin,2,22
528,Laina,Durden,3,22
529,Danna,Daft,4,22
530,Hallsy,Christou,5,22
531,Cyndia,Gunda,6,22
532,Bruis,Lanceley,7,22
533,Joey,Ferreo,8,22
534,Ellene,Label,9,22
535,Lane,Keuneke,10,22
536,Sidonnie,Wallsam,11,22
537,Stern,Atrill,12,22
538,Fiorenze,Castelot,13,22
539,Yurik,Burnsides,14,22
540,Annalise,Waything,15,22
541,Kelbee,Wroe,16,22
542,Gaston,Di Dello,17,22
543,Othello,Markey,18,22
544,Maurise,Durkin,19,22
545,Melisandra,Gouck,20,22
546,Jody,Ferraro,21,22
547,Hirsch,Francillo,22,22
548,Warren,Fosdike,23,22
549,Daisi,Curson,24,22
550,Cleveland,Grundon,25,22
551,Estele,Wetherburn,1,23
552,Arielle,Beadham,2,23
553,Xaviera,Boothe,3,23
554,Heddie,Plumbley,4,23
555,Jill,Monteith,5,23
556,Sibyl,Merrywether,6,23
557,Katalin,Mennithorp,7,23
558,Lorilyn,Woodroof,8,23
559,Gilbert,Schultze,9,23
560,Clementine,Dunbobbin,10,23
561,Willy,Mackness,11,23
562,Chadd,Hailston,12,23
563,Paulie,Effemy,13,23
564,Bettina,Rotherforth,14,23
565,Blake,Hollerin,15,23
566,Damon,Fleetwood,16,23
567,Aila,Wollrauch,17,23
568,Richmound,Kee,18,23
569,Lydie,Covey,19,23
570,Miran,Cartledge,20,23
571,Reuven,Chuney,21,23
572,Ellswerth,Mardling,22,23
573,Marmaduke,De Vaan,23,23
574,Eldon,Ilewicz,24,23
575,Alisha,Marquot,25,23
576,Nappy,Suett,1,24
577,Dulcine,Niessen,2,24
578,Jan,Possell,3,24
579,Garek,Jeaycock,4,24
580,Olia,Father,5,24
581,Donal,Rosling,6,24
582,Harlan,Slaughter,7,24
583,Caldwell,Scraney,8,24
584,Elwin,Lamberteschi,9,24
585,Kerk,Behr,10,24
586,Augusto,Wileman,11,24
587,Colette,Waddams,12,24
588,Alyosha,Bernardez,13,24
589,Amelita,Slevin,14,24
590,Devlen,Daenen,15,24
591,Hazel,Oloshkin,16,24
592,Bary,Berthon,17,24
593,Heinrik,Bentzen,18,24
594,Del,Eaklee,19,24
595,Melinde,Verrier,20,24
596,Omero,Aristide,21,24
597,Troy,Taggert,22,24
598,Tanney,Gianneschi,23,24
599,Bevvy,Tytler,24,24
600,Karlotte,Ishak,25,24
601,Nonnah,Sole,1,25
602,Maridel,Sobtka,2,25
603,Keeley,Emps,3,25
604,Kaylyn,Charopen,4,25
605,Jennie,Mulholland,5,25
606,Yance,Lysons,6,25
607,Rockey,Wield,7,25
608,Fidelity,Barneveld,8,25
609,Sean,Mish,9,25
610,Guillermo,Farnfield,10,25
611,Lorne,Yearsley,11,25
612,Darlene,Achurch,12,25
613,Janice,Camm,13,25
614,Elnora,Ballam,14,25
615,Simeon,Pykerman,15,25
616,Lynsey,Schlagman,16,25
617,Brynne,Sprague,17,25
618,Brana,Gamet,18,25
619,Sonia,Mcettrick,19,25
620,Vera,Whall,20,25
621,Gladi,Hyland,21,25
622,Carey,Meadows,22,25
623,Cointon,Hempshall,23,25
624,Flo,Sidden,24,25
625,Jessalyn,Gilliatt,25,25
626,Alfy,Boutellier,1,26
627,Maddy,Dashkov,2,26
628,Georges,Double,3,26
629,Brandise,Jeratt,4,26
630,Silvain,Guerreiro,5,26
631,Graham,Hunnywell,6,26
632,Marlow,Petruska,7,26
633,Worden,Jilliss,8,26
634,Olia,Widdowfield,9,26
635,Kayne,Muck,10,26
636,Sigvard,Whitta,11,26
637,Creigh,Menlove,12,26
638,Ede,Bishop,13,26
639,Quint,Derrington,14,26
640,Eydie,Petrushanko,15,26
641,Fannie,Davey,16,26
642,Natividad,Rummer,17,26
643,Barbie,Middleweek,18,26
644,Tate,Kiffe,19,26
645,Benton,Munkton,20,26
646,Alysa,Tremmil,21,26
647,Cornela,Craft,22,26
648,Roselia,Turnpenny,23,26
649,Leila,Bleibaum,24,26
650,Sena,Caine,25,26
651,Samson,Rapson,1,27
652,Val,Dillet,2,27
653,Lauri,Stretton,3,27
654,Rianon,Welland,4,27
655,Field,Laughrey,5,27
656,Kate,Fripps,6,27
657,Ailbert,Fitchet,7,27
658,Ainslee,Tenby,8,27
659,Betsy,Gledstane,9,27
660,Norri,Escale,10,27
661,Doralynn,Nanelli,11,27
662,Dudley,Vivians,12,27
663,Margot,Brice,13,27
664,Lacey,Bolletti,14,27
665,Murry,Philipsson,15,27
666,Rafa,Kelsell,16,27
667,Aggie,Maudson,17,27
668,Nicko,Erridge,18,27
669,Albertine,Struis,19,27
670,Benedetta,Igo,20,27
671,Cris,Galea,21,27
672,Merrick,Whitelaw,22,27
673,Marga,Ramsdale,23,27
674,Kakalina,Nice,24,27
675,Jed,Cutford,25,27
676,Ralf,Trembath,1,28
677,Ed,Cathesyed,2,28
678,Mallorie,Aleksandrikin,3,28
679,Cynthea,Stockford,4,28
680,Sallie,Haddrill,5,28
681,Howard,Signoret,6,28
682,Alena,Chazette,7,28
683,Farrel,Levings,8,28
684,Isabelita,Perrelle,9,28
685,Nonie,Paske,10,28
686,Kellen,Piggott,11,28
687,Isaac,Blakelock,12,28
688,Sephira,McGrath,13,28
689,Denni,Furman,14,28
690,Normie,Leisk,15,28
691,Charleen,Andreasson,16,28
692,Leonid,Coulthurst,17,28
693,Shena,Reap,18,28
694,Allie,Graysmark,19,28
695,Abagael,Nightingale,20,28
696,Sioux,Tourry,21,28
697,Cristabel,Rake,22,28
698,Deanne,Gebhardt,23,28
699,Roberto,Northridge,24,28
700,Giusto,Cohr,25,28
701,Katheryn,Arunowicz,1,29
702,Dede,Laidlow,2,29
703,Christa,Riceards,3,29
704,Brandais,Furneaux,4,29
705,Elysha,Ruegg,5,29
706,Kerwinn,Oxenham,6,29
707,Andrej,Betho,7,29
708,Jacinda,Benaine,8,29
709,Zena,Jehan,9,29
710,Padraig,Gronous,10,29
711,Franciska,Dunsire,11,29
712,Valina,Roumier,12,29
713,Thalia,Pettiward,13,29
714,Steve,Berka,14,29
715,Freeman,Kondrachenko,15,29
716,Julienne,Willars,16,29
717,Nadiya,Kilgrew,17,29
718,Davina,Rontree,18,29
719,Irvin,Speeks,19,29
720,Saunders,Stolberg,20,29
721,Colin,O'Scollain,21,29
722,Hilly,Colthard,22,29
723,Johnny,Giroldi,23,29
724,Fleming,Grayland,24,29
725,Hallsy,Fuster,25,29
726,Sidoney,Weadick,1,30
727,Babs,Assel,2,30
728,Claire,Elton,3,30
729,Griswold,Paoli,4,30
730,Desiree,Ruffle,5,30
731,Sybila,Monaghan,6,30
732,Alfy,Boyle,7,30
733,Vernor,Stoven,8,30
734,Tiffy,Martinolli,9,30
735,Alli,Lyddy,10,30
736,Alie,Killich,11,30
737,Berni,Crews,12,30
738,Em,Trammel,13,30
739,Judy,Kassman,14,30
740,Elisabetta,Ralfe,15,30
741,Shaina,Guinness,16,30
742,Guenna,Kiely,17,30
743,Crichton,Reuble,18,30
744,Randie,Lindsay,19,30
745,Aldridge,Yard,20,30
746,Ancell,Gonnel,21,30
747,Ted,Budding,22,30
748,Nicky,Sperwell,23,30
749,Joachim,Bolley,24,30
750,Boonie,Stenner,25,30
751,Morna,Gontier,1,31
752,Andee,McGrorty,2,31
753,Fidela,Wombwell,3,31
754,Hobart,Alfonsini,4,31
755,Joyous,Sangwine,5,31
756,Kerrin,Esterbrook,6,31
757,Prinz,Retter,7,31
758,Valina,Audus,8,31
759,Jeffy,Pitkeathley,9,31
760,Goldarina,Walentynowicz,10,31
761,Cathleen,Boorne,11,31
762,Richmound,Teresia,12,31
763,Ermentrude,Radbone,13,31
764,Hillier,Gopsell,14,31
765,Theresita,Reading,15,31
766,Boigie,Deverille,16,31
767,Almeria,Stealey,17,31
768,Gigi,Tipperton,18,31
769,Hubey,Whall,19,31
770,Jacqui,O'dell,20,31
771,Boyd,Tebbut,21,31
772,Jada,Brydell,22,31
773,Mariya,Empringham,23,31
774,Vallie,Verman,24,31
775,Gibbie,Biscomb,25,31
776,Prissie,Bicknell,1,32
777,Taffy,Agglio,2,32
778,Roma,Kalkhoven,3,32
779,Kevin,Cotes,4,32
780,Dorthea,Shinner,5,32
781,Levin,Obee,6,32
782,Taffy,Hawyes,7,32
783,Pincus,Prantl,8,32
784,Vaclav,Jozefiak,9,32
785,Sarajane,Hustler,10,32
786,Roxane,Feaster,11,32
787,Alena,Gosz,12,32
788,Aurea,Giannasi,13,32
789,Asher,Bummfrey,14,32
790,Ken,Flippini,15,32
791,Jodee,Umney,16,32
792,Elysha,Lundbech,17,32
793,Johnny,Reedyhough,18,32
794,Ivor,Swabey,19,32
795,Orran,Ballard,20,32
796,Maia,Sparkwill,21,32
797,Shadow,Maggiore,22,32
798,Tallia,Edmand,23,32
799,Archambault,Ojeda,24,32
800,Bret,Triebner,25,32